Price,Close,High,Low,Open,Volume
Ticker,MARUTI.NS,MARUTI.NS,MARUTI.NS,MARUTI.NS,MARUTI.NS
Date,,,,,
2021-12-22,7238.068359375,7267.561751241791,7122.776009350269,7122.776009350269,368978
2021-12-23,7202.3837890625,7312.411299631308,7171.038014505103,7293.886524338909,249919
2021-12-24,7134.0859375,7263.515615318193,7070.760266287,7254.886874916627,357447
2021-12-27,7107.17626953125,7146.663290440231,7006.460181936462,7095.086511429597,190180
2021-12-28,7114.92822265625,7174.938559246333,7073.637374896815,7136.914017350613,214533
2021-12-29,7166.21142578125,7180.787688978511,7059.353105928317,7115.171177237756,287776
2021-12-30,7100.1083984375,7210.184479980105,7073.929867919047,7166.163854374077,296041
2021-12-31,7240.70166015625,7263.174948830885,7107.712882359318,7107.712882359318,313398
2022-01-03,7335.7138671875,7415.711937304058,7234.412685045902,7234.412685045902,456599
2022-01-04,7439.25732421875,7457.684505400941,7331.911031587799,7409.910085115329,495182
2022-01-05,7580.87451171875,7612.707780880797,7415.370266610589,7434.138789251721,710043
2022-01-06,7684.95458984375,7701.870730334947,7491.760773141715,7587.358175766752,739981
2022-01-07,7708.2568359375,7746.086188292099,7639.520166707346,7684.954712788063,523116
2022-01-10,7922.3642578125,8026.102907663851,7725.952693387439,7751.156233713267,827930
2022-01-11,7940.15771484375,7958.292590502208,7867.472059194214,7897.404387237421,688923
2022-01-12,7966.38525390625,7994.9036602553315,7912.029658899026,7994.9036602553315,288174
2022-01-13,7875.02880859375,8053.403102854962,7753.106715968845,7970.529099980547,684931
2022-01-14,7882.0,7941.2790936603415,7752.131377985681,7752.131377985681,299536
2022-01-17,8058.76513671875,8159.5792995754255,7897.502180258221,7921.584103664017,862249
2022-01-18,7717.177734375,8042.62908026341,7694.119358723354,8042.62908026341,785199
2022-01-19,7815.212890625,7858.404676271921,7663.407041624975,7730.6812255781715,681632
2022-01-20,7835.3466796875,7936.404113511331,7797.516851097496,7799.905762664699,522850
2022-01-21,7984.763671875,8037.802936162426,7659.556063410412,7770.656162204577,1041476
2022-01-24,7850.8974609375,8124.381656907328,7753.886132955332,7984.178541165513,1153538
2022-01-25,8387.4326171875,8447.297270015808,7690.608877103685,7790.155261706638,2162832
2022-01-27,8599.591796875,8747.2539619511,8189.950091169412,8439.49853125898,2899559
2022-01-28,8337.076171875,8706.645286702307,8309.190935956785,8575.021869714086,1045088
2022-01-31,8382.2666015625,8501.897854692976,8338.879622831555,8409.273967514555,561419
2022-02-01,8345.314453125,8570.926153301516,8142.126529608232,8475.572496932626,819689
2022-02-02,8302.267578125,8465.821835044113,8229.143469219287,8365.105752805344,580433
2022-02-03,8378.7080078125,8577.946472334112,8309.532402266663,8336.14939059521,810019
2022-02-04,8336.6845703125,8462.896974255698,8279.696323647198,8423.800331070384,404421
2022-02-07,8298.7587890625,8399.523439839466,8189.900974422695,8331.27426505261,446099
2022-02-08,8384.3623046875,8569.268241957589,8225.048855035307,8401.180850812076,998182
2022-02-09,8725.6083984375,8764.948791730105,8406.348319669167,8406.348319669167,1403525
2022-02-10,8585.2109375,8823.644136416311,8570.050059825604,8823.644136416311,811887
2022-02-11,8518.619140625,8643.271010039072,8456.365568328598,8519.447499799371,671572
2022-02-14,8157.1416015625,8399.5718445528,8116.776709503718,8287.39964333713,995540
2022-02-15,8407.0302734375,8447.540839495812,8147.48824482751,8199.650109375858,682766
2022-02-16,8368.275390625,8517.887524436694,8330.29940876836,8501.897336664337,422704
2022-02-17,8338.5380859375,8441.74020685003,8311.774469213353,8360.52387958997,305313
2022-02-18,8354.7705078125,8429.698917816777,8306.947529868732,8336.148615152691,385273
2022-02-21,8397.28125,8506.040995736108,8232.410170378558,8330.3479277053,626049
2022-02-22,8407.1279296875,8443.20249252605,8175.129300680849,8282.524630094158,620828
2022-02-23,8481.275390625,8570.097383449262,8438.717728643524,8472.647126247612,557954
2022-02-24,8004.7998046875,8372.467476514756,7951.028824242667,8191.850911255289,947351
2022-02-25,8147.09814453125,8254.24972366509,8004.213820783911,8053.402163651505,1344343
2022-02-28,8106.19873046875,8131.353236242422,7911.152050446972,8092.402266232386,961303
2022-03-02,7618.7529296875,7993.928196001345,7569.808331961757,7992.660901777574,1783011
2022-03-03,7405.57177734375,7741.358109933481,7369.448653277007,7725.80685699107,1050154
2022-03-04,7066.03173828125,7331.131408721911,6951.665813708904,7294.861657527353,2511658
2022-03-07,6599.7431640625,6854.020352201089,6561.670068283852,6817.1169565290775,2469925
2022-03-08,6636.06201171875,6683.544127604094,6373.058944115365,6537.295897240766,2840376
2022-03-09,6851.095703125,6901.063846732087,6607.494814150717,6702.0686664412015,1827539
2022-03-10,7031.419921875,7214.766744042118,6997.782827963018,7073.539603809566,1535070
2022-03-11,6924.90234375,7019.915135560775,6902.916549968095,7019.915135560775,1024452
2022-03-14,7133.7451171875,7151.538652348421,6836.617454705813,6873.667007369649,1023874
2022-03-15,7234.51025390625,7429.410305688235,7134.963860502166,7137.888825189445,1586111
2022-03-16,7298.56640625,7405.76654822627,7253.912137551059,7380.660602320096,584457
2022-03-17,7500.58447265625,7548.3103370647295,7341.661390758035,7384.560872988228,1133271
2022-03-21,7512.82080078125,7741.406994983704,7458.660391892359,7647.808119477604,1354525
2022-03-22,7572.39208984375,7613.682935771995,7348.144801429413,7521.985485002127,1093502
2022-03-23,7453.63916015625,7666.137567648995,7420.635712051611,7604.908494810481,808597
2022-03-24,7367.9375,7463.534905587352,7338.10276492857,7409.227870713038,565485
2022-03-25,7229.9765625,7353.653436942939,7200.287980871863,7327.036449052411,686637
2022-03-28,7290.32861328125,7350.436544726578,7227.588023087694,7239.287882291397,599515
2022-03-29,7253.08349609375,7373.9334759651665,7215.887790845243,7346.536211865816,446257
2022-03-30,7408.5458984375,7439.111875646706,7302.6620780336225,7332.886714137633,589206
2022-03-31,7372.17822265625,7461.34108562361,7339.711305422826,7408.496533778328,434317
2022-04-01,7507.4580078125,7535.684107791004,7329.327941985943,7384.560930574338,449386
2022-04-04,7580.33837890625,7599.058343544065,7440.768907545871,7458.660036965884,491029
2022-04-05,7567.71240234375,7702.406929575739,7536.658932357021,7586.383331522636,488132
2022-04-06,7550.50390625,7652.682480500465,7483.0345315124305,7545.433777117225,393628
2022-04-07,7449.3974609375,7554.208694109515,7430.433749717596,7468.165984086907,458566
2022-04-08,7368.91259765625,7537.1466289248665,7327.426562185171,7515.989193578301,849846
2022-04-11,7376.17578125,7426.046333468183,7297.786823608896,7424.389139135965,496254
2022-04-12,7427.8017578125,7518.62181720854,7312.411804326533,7351.411333949607,598047
2022-04-13,7282.6748046875,7512.235980825272,7253.912651030859,7427.8019023347915,527991
2022-04-18,7384.0732421875,7408.935441656145,7171.03831732872,7190.050587510625,551783
2022-04-19,7249.13525390625,7485.959805307451,7166.163658375848,7390.410956529106,425990
2022-04-20,7474.9423828125,7506.43431191686,7285.697073942089,7311.43666775744,542622
2022-04-21,7682.12744140625,7702.21181806114,7493.808084192634,7516.964054622468,772708
2022-04-22,7706.79443359375,7816.139267942653,7537.633976356921,7594.183293473556,960818
2022-04-25,7714.4482421875,7797.955889147534,7614.658101305607,7614.658101305607,701521
2022-04-26,7708.98779296875,7865.717142919074,7634.157450146434,7799.90544076264,801963
2022-04-27,7593.59814453125,7668.28233727004,7526.909045610262,7654.632502213234,570519
2022-04-28,7690.85302734375,7741.406260416711,7572.440996822655,7647.807393792025,561932
2022-04-29,7524.763671875,7747.743661637496,7435.25994634714,7719.95649818734,1162749
2022-05-02,7443.79150390625,7556.158899148425,7355.603626713959,7473.284898319055,544053
2022-05-04,7212.865234375,7553.233716098299,7172.50081741024,7458.659859061829,599211
2022-05-05,7222.37158203125,7349.461395054087,7195.559405278267,7263.66242944454,524174
2022-05-06,7097.18310546875,7175.81581136177,6977.649452714036,7131.063946615165,650559
2022-05-09,7176.20556640625,7238.800000218922,6951.66597098268,7021.377628335452,570578
2022-05-10,7327.9140625,7385.5359630491685,7166.309760734271,7166.309760734271,663616
2022-05-11,7211.45166015625,7370.4718546738295,7162.848403187125,7330.936273603061,605312
2022-05-12,7072.2236328125,7140.765594448475,7030.4452898551235,7040.877854864957,571754
2022-05-13,6924.31787109375,7156.41362950895,6885.708241857092,7156.41362950895,703097
2022-05-16,7066.32421875,7122.629784473029,6971.1652799940175,6977.990197051354,369545
2022-05-17,7344.39111328125,7394.944347977911,7073.588133697951,7097.914280347133,811448
2022-05-18,7377.296875,7449.056102713374,7321.771581893024,7376.760821910065,576970
2022-05-19,7219.34912109375,7336.786647290734,7200.3368500476145,7263.662527882521,363255
2022-05-20,7396.845703125,7457.58727862344,7263.662217454358,7332.447445743939,742204
2022-05-23,7699.9208984375,7755.885126978915,7581.6059828809075,7605.00570013043,1161175
2022-05-24,7607.49169921875,7743.307843185454,7596.425487766753,7720.931673227752,581609
2022-05-25,7592.4765625,7662.919457185624,7503.557451722051,7643.907188031719,454335
2022-05-26,7609.783203125,7643.859232495276,7429.410378963806,7604.908261931455,476799
2022-05-27,7744.28271484375,7766.658408396219,7637.082571809391,7726.7814862235955,431411
2022-05-30,7813.4580078125,7858.405060007127,7752.131343935071,7780.601190411118,389517
2022-05-31,7767.09716796875,7897.404242760611,7702.4066071368925,7813.4576654109105,2494005
2022-06-01,7740.8212890625,7867.082262091163,7683.004678713052,7775.579523489517,522004
2022-06-02,7727.17138671875,7772.605932062157,7659.117400771579,7726.781486652358,352848
2022-06-03,7512.33251953125,7795.030534015905,7488.884244124598,7751.1560657193795,591905
2022-06-06,7517.6953125,7582.385876826693,7401.574595067541,7497.659494784629,606990
2022-06-07,7614.07275390625,7624.407724039996,7366.03585103864,7424.583702021565,991192
2022-06-08,7695.04541015625,7722.881131394236,7527.591195496869,7628.307280902474,813596
2022-06-09,7731.51025390625,7809.6554627297355,7634.255181196226,7651.707374719471,687937
2022-06-10,7736.62939453125,7788.40136606582,7630.258080737379,7630.258080737379,442921
2022-06-13,7703.96728515625,7768.072762874525,7598.814706719497,7653.609237036883,565826
2022-06-14,7616.2666015625,7703.771793939995,7556.158673265635,7609.783025140423,553462
2022-06-15,7657.021484375,7730.681654522613,7620.507984833995,7620.507984833995,604566
2022-06-16,7637.66796875,7824.280622590999,7609.783209884454,7739.456645747956,1319566
2022-06-17,7495.85546875,7653.365098818322,7454.9059641635295,7609.78293565248,1317656
2022-06-20,7469.3359375,7589.405637449049,7435.259909955788,7507.213847689271,1043423
2022-06-21,7585.99365234375,7643.907859021107,7434.431538869823,7521.985769120617,954884
2022-06-22,7588.08984375,7672.182580767563,7523.594465877183,7556.158978389708,796824
2022-06-23,8064.1279296875,8109.7571900048,7607.8334222405465,7614.658340086976,1676430
2022-06-24,8154.0224609375,8180.151957334477,8032.246039621298,8102.152892187068,1156788
2022-06-27,8237.431640625,8332.93192623797,8181.3698185405565,8232.80044662672,921090
2022-06-28,8277.357421875,8326.30201940966,8171.424574243229,8204.76936074768,691242
2022-06-29,8296.078125,8316.649996774977,8160.651872568177,8180.10307910761,655413
2022-06-30,8258.8818359375,8418.63328211318,8224.610617608672,8287.40024265487,1130302
2022-07-01,8192.4365234375,8238.65135092353,8097.862655858851,8228.901467668,530569
2022-07-04,8232.166015625,8255.809478837426,8111.90160525284,8192.435247546387,625431
2022-07-05,8139.8837890625,8295.735264573632,8126.526260929699,8285.936824056515,610290
2022-07-06,8414.197265625,8436.037383563073,8160.651758351174,8167.4766761897,976098
2022-07-07,8391.138671875,8482.39718487127,8361.693838346113,8477.522243960424,547662
2022-07-08,8263.951171875,8440.424030686345,8233.775097579053,8404.398027369027,686327
2022-07-11,8294.859375,8311.775040708993,8205.59843675353,8240.308590610412,536114
2022-07-12,8209.107421875,8284.912745965532,8166.743998885148,8282.523834714739,424358
2022-07-13,8229.0966796875,8275.84756046111,8171.377180219524,8242.551328191847,413855
2022-07-14,8353.455078125,8372.564465824555,8238.650218570365,8253.226482461372,606496
2022-07-15,8558.4951171875,8578.921310735685,8361.694126685072,8380.998702930327,631246
2022-07-18,8487.0771484375,8621.820708986097,8466.797584172256,8581.846192524667,478682
2022-07-19,8497.8505859375,8578.824118265175,8450.661727985242,8482.348844723225,478458
2022-07-20,8530.2197265625,8643.708725991555,8502.09169980668,8556.00835308343,398132
2022-07-21,8576.970703125,8610.99817020676,8503.895151301786,8573.070750548837,421090
2022-07-22,8610.072265625,8666.6701404075,8571.121296470057,8628.645600473212,415294
2022-07-25,8405.9580078125,8637.030214608703,8277.649939661447,8607.683450212142,623462
2022-07-26,8312.603515625,8409.66436141942,8259.466653921105,8406.349020384927,429454
2022-07-27,8441.5439453125,8489.660178517675,8248.399186816354,8341.55910777201,1298855
2022-07-28,8502.9208984375,8550.793391731724,8412.978234372073,8482.39758665809,725196
2022-07-29,8554.107421875,8719.319360671585,8511.64687673744,8545.479157270525,821432
2022-08-01,8778.2099609375,8857.768624636396,8601.931316197159,8628.646376228078,1009408
2022-08-02,8943.6142578125,8966.818783795507,8730.04330833689,8760.267938955434,848311
2022-08-03,8792.8720703125,8974.726697745278,8690.952321146064,8974.726697745278,753729
2022-08-04,8799.986328125,8879.774561716578,8665.82773872208,8856.220783038285,643264
2022-08-05,8676.8193359375,8818.142002178838,8646.19923323741,8800.083722574622,558385
2022-08-08,8756.0693359375,8830.705188890155,8676.624202598117,8676.82067579048,520993
2022-08-10,8714.6044921875,8832.176920662505,8661.902717013976,8772.408819708291,445375
2022-08-11,8649.978515625,8830.705098576436,8561.799430982534,8789.191751063358,508318
2022-08-12,8537.4599609375,8651.10675303416,8513.709708743205,8651.10675303416,712782
2022-08-16,8836.298828125,8871.923728406366,8543.2010972529,8574.704852792132,963726
2022-08-17,8778.0517578125,8901.365993107991,8754.154868635422,8842.481543318963,623749
2022-08-18,8781.33984375,8844.83709897696,8711.954143681081,8759.061702416768,442229
2022-08-19,8615.7275390625,8801.262434723507,8552.966337936592,8788.94596231503,572597
2022-08-22,8467.583984375,8604.44145313324,8442.263862333753,8588.297107935283,488485
2022-08-23,8558.3642578125,8594.185632207334,8404.77398129766,8446.974504557329,558231
2022-08-24,8542.1708984375,8608.906608581543,8434.21607320449,8498.988968344296,442582
2022-08-25,8573.478515625,8670.735619517254,8518.617450753793,8558.85515991058,525721
2022-08-26,8558.4619140625,8668.527149230438,8544.330221018568,8636.38605340668,398063
2022-08-29,8669.9501953125,8695.172559357114,8430.290295804181,8442.655646752375,459057
2022-08-30,8913.3876953125,8993.617753292823,8705.083966794778,8719.608605182248,1016312
2022-09-01,8856.7119140625,9061.973674434737,8774.76438845729,8783.548177194329,888864
2022-09-02,8753.76171875,8979.780626659896,8736.587087960843,8858.674561047203,632909
2022-09-05,8783.6455078125,8849.154454739188,8709.99107077682,8734.526256891684,386455
2022-09-06,8723.4853515625,8854.993948059126,8705.083962127339,8817.258640442946,397902
2022-09-07,8621.5673828125,8708.568585194069,8597.129951983929,8699.196334975519,496785
2022-09-08,8627.2099609375,8719.903129769667,8616.757588017987,8664.846554055901,428924
2022-09-09,8779.671875,8821.872399326514,8567.68784582495,8670.392528507498,632296
2022-09-12,8761.6630859375,8844.738656102802,8738.452415106945,8803.127552979084,383641
2022-09-13,8760.5341796875,8821.921028048853,8745.224605820984,8805.482452178157,405093
2022-09-14,8800.4775390625,8832.667513430293,8661.608377601346,8695.12286873385,509547
2022-09-15,9038.517578125,9151.624790685482,8862.109582830017,8862.15846152308,1392132
2022-09-16,9018.7919921875,9142.694691486622,8852.344701887547,9038.272548081328,1056382
2022-09-19,9108.294921875,9169.731603105667,8901.365545020355,9004.707557516793,727024
2022-09-20,9127.9228515625,9254.6720036707,9078.018667439446,9165.363928131566,747257
2022-09-21,9075.958984375,9223.267869712825,9040.186488602438,9127.089932786686,440725
2022-09-22,9227.0458984375,9259.579941052158,9015.20946883997,9027.967766585987,511112
2022-09-23,9169.732421875,9275.28261055199,9104.860808787138,9223.21913251674,574213
2022-09-26,8670.6865234375,9097.941902080647,8636.38613907898,9097.941902080647,865432
2022-09-27,8610.91796875,8743.310219020066,8509.293417523066,8724.71235589413,686285
2022-09-28,8564.498046875,8685.456523315524,8499.03797382603,8557.873546136878,663740
2022-09-29,8464.4921875,8636.386096406119,8444.127981647678,8607.336817444153,817007
2022-09-30,8664.0126953125,8707.047029289517,8399.0815584604,8506.839906433897,658982
2022-10-03,8388.08984375,8803.2252133424,8351.777766504329,8803.2252133424,1123076
2022-10-04,8528.921875,8595.706463664485,8469.546721276107,8537.263838746332,503140
2022-10-06,8541.189453125,8660.921167853397,8528.921859402828,8571.613085555986,474445
2022-10-07,8615.8740234375,8681.137620850923,8549.040557418532,8587.315449134674,428616
2022-10-10,8697.6259765625,8711.414559884113,8497.025905615565,8513.709832665169,411218
2022-10-11,8522.6904296875,8685.456482209305,8503.896092468207,8647.181589236858,422610
2022-10-12,8525.09375,8557.873142877443,8430.878632830707,8536.282178526146,380365
2022-10-13,8488.7333984375,8622.107066525283,8432.25358617495,8503.896336616146,355605
2022-10-14,8457.0830078125,8603.606961940863,8446.287524866051,8597.130055535315,274160
2022-10-17,8561.6025390625,8587.021376622088,8407.766913756548,8449.91855747528,304671
2022-10-18,8643.599609375,8722.995865435983,8589.327962239908,8602.086260695809,369973
2022-10-19,8557.2353515625,8690.36366618604,8533.338461602214,8686.830982445219,385416
2022-10-20,8545.5078125,8576.716378455641,8450.899748754484,8538.24501383858,328270
2022-10-21,8541.4833984375,8630.49724719398,8480.34190504926,8567.687169434097,356203
2022-10-24,8602.478515625,8625.39399726268,8583.242353686486,8625.39399726268,30052
2022-10-25,8837.5751953125,8849.352086189096,8633.835366509717,8656.014794298306,727441
2022-10-27,8873.837890625,8908.187153722345,8736.48971693032,8881.738029456234,849108
2022-10-28,9316.0595703125,9372.392744161916,8882.719280467792,8925.901210457912,1873029
2022-10-31,9350.4580078125,9587.3701691283,9275.380331700482,9470.582672954048,1932020
2022-11-01,9278.8154296875,9457.726792600139,9200.695772147114,9455.86173489466,805517
2022-11-02,9057.802734375,9278.814935930895,9038.763045574678,9269.39380732387,788679
2022-11-03,9067.3212890625,9136.90346140585,8994.010918454424,9038.762715311264,616860
2022-11-04,9057.900390625,9150.643398037542,9020.165081113033,9085.772746585355,465775
2022-11-07,9159.7705078125,9178.907954229107,9082.239314637523,9104.517456762627,469017
2022-11-09,9081.4541015625,9304.576708419067,9048.57695103542,9304.086004679855,617256
2022-11-10,8928.109375,9078.75542617618,8902.347428137624,9029.930403075105,445700
2022-11-11,8918.58984375,9068.205613986598,8881.738182530164,9028.949312627348,461074
2022-11-14,8982.1845703125,8992.685822268262,8825.355843126123,8930.808270929403,282822
2022-11-15,8991.8515625,9032.432377341569,8960.250050814888,9019.134498027253,359888
2022-11-16,8965.1083984375,9080.47265535259,8930.660421048435,8989.69246398592,350737
2022-11-17,8819.3701171875,8999.114335900887,8803.225771221321,8931.790160968254,409572
2022-11-18,8683.5419921875,8856.171945923199,8671.716224101732,8842.481120321028,515615
2022-11-21,8700.3740234375,8763.184103890553,8622.646357195694,8660.921249971772,520644
2022-11-22,8708.7646484375,8768.826978051808,8694.337766762601,8709.991407790709,455948
2022-11-23,8768.3857421875,8821.872453581447,8736.489996860835,8773.783483704321,621006
2022-11-24,8800.37890625,8827.662801773362,8755.136403366909,8802.14620649396,455343
2022-11-25,8851.8046875,8911.179839514385,8781.143349565526,8832.667241809413,545439
2022-11-28,8818.33984375,8934.832154011125,8783.597632878857,8860.147422305063,439956
2022-11-29,8744.537109375,8856.95714439155,8722.749671664267,8817.946197108848,606692
2022-11-30,8807.2978515625,8852.294998764899,8705.083884594751,8758.079885696005,1087650
2022-12-01,8791.595703125,8857.20240907536,8763.968699506146,8851.362842952774,694489
2022-12-02,8651.9404296875,8762.889307928854,8591.976818236197,8656.013653941376,971612
2022-12-05,8628.583984375,8688.597438905688,8602.03710205609,8679.568297841879,519621
2022-12-06,8555.2724609375,8636.386175826181,8533.28950753341,8614.010276051788,551379
2022-12-07,8498.154296875,8585.204366794776,8480.34136914865,8557.872553984056,546450
2022-12-08,8521.267578125,8549.041220278516,8446.042305595603,8503.896472702712,476001
2022-12-09,8453.2060546875,8600.810128632766,8386.56905931486,8545.115252033147,790406
2022-12-12,8498.744140625,8531.670172670614,8356.979626519598,8448.937706820707,445039
2022-12-13,8460.4189453125,8535.643247305288,8449.917694475631,8500.950879157714,330236
2022-12-14,8480.9306640625,8516.360049836843,8436.227744142769,8489.174870420356,343670
2022-12-15,8424.548828125,8512.334954498088,8415.56856693329,8480.341456194818,472176
2022-12-16,8328.02734375,8428.327379184366,8288.967518000833,8400.357266200346,624222
2022-12-19,8443.8818359375,8461.15518154986,8293.874095352938,8340.785178285205,464106
2022-12-20,8365.8603515625,8424.794636635372,8275.276634108808,8424.794636635372,694906
2022-12-21,8195.1455078125,8407.66910860832,8134.199527491653,8365.86057438907,800720
2022-12-22,8179.39306640625,8228.120331262728,8133.905212965826,8201.27921998523,580858
2022-12-23,7990.22705078125,8175.075241217856,7971.825660955523,8145.38766563235,503012
2022-12-26,8103.28515625,8190.826895871691,7925.895752771829,7995.526805735282,315102
2022-12-27,8151.03125,8160.403500101884,8077.768795527333,8144.652101142434,423308
2022-12-28,8264.4814453125,8296.328310403791,8133.512422611842,8160.403371503818,538632
2022-12-29,8278.9580078125,8291.91277976268,8178.069498610773,8214.381579667846,452134
2022-12-30,8238.5234375,8332.150101150875,8206.775286613534,8312.521950146986,433976
2023-01-02,8247.0615234375,8296.819075793213,8182.582858456179,8209.473807547933,398159
2023-01-03,8226.8935546875,8245.785648681443,8149.755310105693,8224.194684116936,493207
2023-01-04,8266.19921875,8378.325029957883,8156.526926386929,8220.26953765629,566744
2023-01-05,8303.7861328125,8317.428079632822,8234.057325666749,8287.936977651078,417716
2023-01-06,8227.1875,8326.211894681628,8194.752175584965,8302.706994664526,368978
2023-01-09,8221.2509765625,8289.900625783419,8170.3155417875505,8268.21094406905,613406
2023-01-10,8138.95947265625,8253.636548351626,8109.271897675556,8224.194325230277,493677
2023-01-11,8130.4208984375,8179.687742639827,8095.777408166486,8179.687742639827,327536
2023-01-12,8213.595703125,8221.25048981565,8106.425814238662,8160.403225834682,283772
2023-01-13,8296.23046875,8342.012553167042,8195.73395829757,8240.878702888838,705220
2023-01-16,8224.2919921875,8355.997060516742,8188.470621117039,8322.334977465913,500575
2023-01-17,8321.697265625,8335.388091871699,8187.0489239343315,8253.489444671199,409248
2023-01-18,8336.1240234375,8378.668612788066,8306.927150873791,8315.465587640798,402883
2023-01-19,8343.5830078125,8360.6100436611,8299.272078204025,8321.353745768572,184776
2023-01-20,8282.8828125,8341.963735579016,8255.599875728316,8304.71912933725,346337
2023-01-23,8260.6044921875,8324.298220813982,8222.134085809532,8322.335405859769,410827
2023-01-24,8537.0673828125,8555.910598523436,8260.506940556521,8292.893388107712,1039571
2023-01-25,8620.78125,8668.772460182518,8518.911343032116,8585.255065172634,1131883
2023-01-27,8575.0478515625,8723.731084696889,8459.830230114545,8664.307053498253,743546
2023-01-30,8653.0693359375,8700.176892717018,8555.910000079746,8615.77585348705,1036998
2023-01-31,8729.9140625,8777.561205595692,8666.024816738256,8692.228589027894,643670
2023-02-01,8605.814453125,8862.551220625266,8512.630581188358,8770.838501478178,707460
2023-02-02,8705.232421875,8773.783354768902,8588.395088216892,8602.037036303067,456995
2023-02-03,8776.0400390625,8796.355365862848,8680.696876094844,8773.782993508185,351157
2023-02-06,8742.3779296875,8769.857339435059,8656.014070480887,8760.975793322801,205161
2023-02-07,8599.5341796875,8754.154736747902,8589.81786225639,8742.377846967524,318669
2023-02-08,8670.4404296875,8689.872105156635,8511.795534969577,8609.887399462326,391645
2023-02-09,8637.5634765625,8668.772041921218,8538.244850528088,8638.642641399705,392186
2023-02-10,8647.5244140625,8709.991383516155,8609.838941880365,8634.226534391913,276298
2023-02-13,8645.6611328125,8699.589670612342,8592.910475781038,8623.628341124704,253037
2023-02-14,8611.3115234375,8682.512448307112,8602.037030565372,8651.107407237165,227030
2023-02-15,8680.892578125,8730.307021541214,8579.46449482746,8611.31136036553,452568
2023-02-16,8641.390625,8714.898428667158,8626.57175540364,8714.898428667158,247514
2023-02-17,8643.9921875,8709.0104364764,8587.070550660284,8623.627981216827,214587
2023-02-20,8532.013671875,8684.474943211291,8513.9553905632,8643.991883949515,298434
2023-02-21,8508.6552734375,8557.87324201621,8477.839653549832,8532.356647487262,323478
2023-02-22,8497.9580078125,8556.891331957033,8425.382737108743,8514.20010900255,363931
2023-02-23,8534.564453125,8584.81270575195,8455.806506037085,8531.816703973167,317544
2023-02-24,8499.4794921875,8577.50138695442,8449.231237461492,8549.040569995417,242982
2023-02-27,8471.7060546875,8482.353942752365,8371.406016014937,8469.546766495769,220225
2023-02-28,8464.001953125,8547.07848689677,8445.306330685671,8489.175440539335,370998
2023-03-01,8601.203125,8613.07777266452,8459.732847214716,8459.732847214716,333441
2023-03-02,8389.806640625,8607.924438651484,8350.893453250355,8607.924438651484,603893
2023-03-03,8441.3310546875,8468.565112152122,8391.033921532118,8432.301914225289,437977
2023-03-06,8470.9697265625,8501.932940662016,8431.222723896355,8479.360568777538,275417
2023-03-08,8532.259765625,8550.071738205468,8449.968164781483,8464.640399822343,348171
2023-03-09,8383.1337890625,8574.557125752419,8375.380286632624,8562.780236029514,431466
2023-03-10,8441.625,8467.583418549551,8322.432874361644,8371.405489131626,516128
2023-03-13,8360.021484375,8476.710253446721,8323.414220295565,8441.624937617316,479314
2023-03-14,8353.888671875,8386.07864787923,8287.986771437245,8386.07864787923,349510
2023-03-15,8317.3798828125,8543.103613213294,8283.079498185656,8489.175078116816,509229
2023-03-16,8280.5771484375,8374.7433925398,8254.618727610545,8302.805453929084,340261
2023-03-17,8162.21826171875,8352.710025013774,8139.351659550013,8344.907644014751,471602
2023-03-20,8066.77685546875,8162.218736640135,7978.843125175986,8162.218736640135,488199
2023-03-21,8075.41357421875,8121.146778758592,8062.262330815931,8091.704554787261,287497
2023-03-22,8098.9677734375,8135.475366330783,8064.225563987183,8082.872306802779,218120
2023-03-23,8197.8935546875,8219.288047117047,8079.5352317655415,8110.351811507496,540553
2023-03-24,8089.64404296875,8230.573772736481,8058.336761216151,8197.893095565052,391840
2023-03-27,8124.4345703125,8162.169881186346,8076.542074955862,8096.612050446914,364326
2023-03-28,8056.177734375,8200.24816441018,7988.657089720432,8151.472978142275,360349
2023-03-29,8141.0693359375,8164.42664244898,8035.273800510855,8096.464173968323,339851
2023-03-31,8137.978515625,8214.380705491192,8103.530537623036,8171.149897163156,478757
2023-04-03,8344.95703125,8419.495124164434,8234.352211932368,8256.433881158815,627265
2023-04-05,8289.998046875,8389.071325868557,8273.265240649502,8363.50585212635,272888
2023-04-06,8358.3046875,8376.313132019653,8221.348502196195,8306.633198525407,309551
2023-04-10,8376.4609375,8396.726428131165,8246.816426591118,8299.370608608613,308275
2023-04-11,8498.5478515625,8509.736281381405,8386.127804506834,8420.477069943667,409240
2023-04-12,8460.7626953125,8548.010202940834,8431.271592458275,8510.76559769505,408458
2023-04-13,8509.587890625,8542.170811043126,8459.732581708611,8467.632720338685,480202
2023-04-17,8513.3662109375,8685.455617695328,8489.174134809558,8685.455617695328,489356
2023-04-18,8570.2890625,8586.138219458604,8528.43164694639,8531.326990912765,276111
2023-04-19,8518.568359375,8579.268030871515,8501.393727846635,8528.480191923347,280819
2023-04-20,8552.6240234375,8577.404565044093,8504.044347812694,8508.803791253997,369060
2023-04-21,8399.3271484375,8542.170817333426,8391.034063442186,8518.02857637284,424157
2023-04-24,8308.7431640625,8417.53179781432,8287.740661022792,8417.53179781432,543745
2023-04-25,8311.4423828125,8366.498960350566,8263.451172569123,8351.77784781036,906406
2023-04-26,8348.736328125,8391.034610459845,8278.074984036917,8368.46223665393,959058
2023-04-27,8384.115234375,8410.662115064037,8313.748126281938,8410.662115064037,536521
2023-04-28,8429.8486328125,8452.323248012435,8376.410802547989,8433.234680381855,387567
2023-05-02,8613.666015625,8662.883985012952,8445.992927950772,8462.38262484884,865562
2023-05-03,8633.736328125,8663.865731173062,8553.015558257648,8606.944094062954,537008
2023-05-04,8636.974609375,8658.90964241993,8580.445919767097,8633.098816408088,271926
2023-05-05,8782.2724609375,8820.890462052479,8626.57178031167,8636.97431627489,951591
2023-05-08,8907.4990234375,8951.368126436377,8793.410411789011,8877.811449223593,678780
2023-05-09,8942.1435546875,8970.064790492235,8883.553333685511,8914.124561492448,415394
2023-05-10,8997.69140625,9009.320701571101,8891.55180351135,8959.072446717792,366827
2023-05-11,9088.7177734375,9141.811539758573,8972.076908377865,9071.101315826256,644550
2023-05-12,9122.5751953125,9156.335036553588,9060.991877816763,9088.765516974336,403028
2023-05-15,9036.1123046875,9134.44951939777,9014.620057332324,9070.167333685113,259316
2023-05-16,8902.6904296875,9057.703934042202,8888.705372988557,9047.69338598707,448981
2023-05-17,8949.8486328125,8962.213984908976,8864.12210599701,8911.523900241282,290482
2023-05-18,8884.9765625,8979.87886193516,8875.947421580613,8974.92294561055,272497
2023-05-19,8936.6474609375,8948.669702334431,8793.950432749589,8891.551596424599,543472
2023-05-22,8986.4052734375,8999.21244949624,8905.143966570136,8920.994080890234,182115
2023-05-23,9029.6357421875,9063.297826135642,8986.502692958044,8998.524934254217,269008
2023-05-24,9098.3837890625,9144.951767685492,8988.711498424986,8997.544166127336,470365
2023-05-25,9109.27734375,9120.613367750751,9044.700918221879,9049.313725417991,218979
2023-05-26,9225.181640625,9239.951631849777,9138.13060351155,9159.47621668125,346760
2023-05-29,9159.966796875,9312.379188207156,9138.915414558722,9259.579656989943,236834
2023-05-30,9208.8896484375,9228.076931717675,9127.089716970822,9205.602316686702,372004
2023-05-31,9193.53125,9274.252017055598,9095.291783986751,9274.252017055598,1614766
2023-06-01,9154.86328125,9203.197600047837,9050.539856926885,9163.892421823335,378706
2023-06-02,9308.9931640625,9348.053948940096,9139.553735736241,9214.43493563985,445105
2023-06-05,9403.9443359375,9460.768213027424,9312.133856837663,9374.895057566853,434649
2023-06-06,9555.1796875,9588.351068604812,9432.307279463752,9449.972614083494,542318
2023-06-07,9527.0126953125,9617.79288324105,9471.072471399772,9606.015993996265,453747
2023-06-08,9479.021484375,9583.443618998046,9446.537281583789,9552.038581024884,273746
2023-06-09,9448.794921875,9533.294682534815,9432.405224969769,9495.608251232114,161389
2023-06-12,9372.8837890625,9519.653094314823,9360.321964289305,9446.047529152595,316879
2023-06-13,9340.5458984375,9439.226231062928,9328.916602903406,9409.735127314814,561014
2023-06-14,9355.2666015625,9420.530197576547,9314.047488290471,9342.999008326777,328167
2023-06-15,9416.4580078125,9517.494108483535,9365.57240884239,9377.349299642568,459978
2023-06-16,9425.1435546875,9464.105624760457,9374.404594420546,9416.653996310351,682099
2023-06-19,9354.7763671875,9462.878787566773,9333.18540200935,9458.805563045858,395006
2023-06-20,9315.6181640625,9361.548803841524,9244.859063509846,9352.813893338518,612713
2023-06-21,9265.3203125,9359.683023926731,9221.35344960718,9325.33376254082,356331
2023-06-22,9228.2236328125,9317.825946188352,9199.517463339143,9263.554302933553,288487
2023-06-23,9153.8818359375,9251.728353795954,9131.996640720416,9244.858501406374,309138
2023-06-26,9294.1259765625,9342.999880896954,9127.09021978379,9153.88245423167,405168
2023-06-27,9285.095703125,9323.370592927544,9220.371691380327,9313.5565186192,339375
2023-06-28,9363.265625,9396.976588458965,9257.17490173594,9299.277665844436,482586
2023-06-30,9607.046875,9670.298779916613,9363.608936843195,9391.088346782572,845006
2023-07-03,9493.1552734375,9603.906732586021,9477.010927486923,9560.921273385704,398066
2023-07-04,9468.03125,9535.846125970222,9441.189179403065,9519.65290196173,247673
2023-07-05,9806.517578125,9850.337804608676,9495.117182517984,9516.708146653942,815044
2023-07-06,9676.0888671875,9830.071119000904,9632.710466793347,9814.025490769118,652120
2023-07-07,9667.109375,9760.09773704982,9632.514760094922,9670.789653181391,457050
2023-07-10,9555.27734375,9748.66349373424,9539.035241827685,9670.789194472081,272008
2023-07-11,9716.08203125,9771.727070845001,9555.277834240562,9613.868054797937,568772
2023-07-12,9652.9267578125,9765.003675091162,9622.699601434055,9711.026267841915,552967
2023-07-13,9468.177734375,9714.903963222481,9433.288889433248,9669.759218225194,519564
2023-07-14,9425.0947265625,9546.445191544095,9412.679538054073,9521.566894238107,498441
2023-07-17,9509.3974609375,9518.671954089552,9377.349265009349,9467.63876081059,444583
2023-07-18,9485.9423828125,9584.720478861449,9423.181177555958,9529.663898008317,320985
2023-07-19,9428.9208984375,9486.284355229667,9348.544203804398,9471.5632435673,450254
2023-07-20,9590.8046875,9603.072281114097,9397.418533448546,9441.140045408034,466813
2023-07-21,9588.400390625,9661.957076248751,9522.597207805144,9539.281135717407,328483
2023-07-24,9514.5498046875,9632.51518487833,9500.025164505576,9588.400723450832,358506
2023-07-25,9577.162109375,9593.208695809008,9437.99872826187,9445.065053399416,240998
2023-07-26,9574.955078125,9627.607976055659,9544.43368696588,9580.009710322865,209861
2023-07-27,9572.255859375,9644.439148107214,9511.458431152356,9588.351325822618,256672
2023-07-28,9490.50390625,9568.722268681278,9368.908102925241,9557.926787147382,381151
2023-07-31,9638.1572265625,9654.792274541811,9427.399976413144,9490.504283845405,600060
2023-08-01,9536.091796875,9708.083469749403,9470.631721708973,9578.53767334757,1394528
2023-08-02,9474.3115234375,9611.365464053562,9343.342500997209,9534.37385406552,672815
2023-08-03,9454.400390625,9569.562646659613,9426.56274010924,9509.033775075963,614897
2023-08-04,9381.7861328125,9526.02337092648,9338.791838365632,9470.547361278821,540470
2023-08-07,9434.685546875,9450.535834769093,9333.838283633795,9401.202007183689,366329
2023-08-08,9453.2607421875,9532.958169878722,9416.06228875582,9450.6854572005,430636
2023-08-09,9374.5537109375,9450.78388591204,9329.380775543244,9450.734547245293,404602
2023-08-10,9309.666015625,9411.108243024992,9254.635991962583,9374.553130353224,523490
2023-08-11,9269.2978515625,9380.39885438621,9256.568475592434,9309.66655504927,498504
2023-08-14,9234.427734375,9276.381078575267,9171.274242944075,9272.418506563914,336864
2023-08-16,9331.4111328125,9349.441029004982,9167.55936009026,9246.661817142061,336363
2023-08-17,9287.5751953125,9386.094835899517,9262.51212070614,9326.805238866848,402798
2023-08-18,9367.5693359375,9381.388998961582,9249.287144853191,9262.511841635775,400745
2023-08-21,9350.4814453125,9380.399058966526,9325.17070882001,9367.074716432755,375347
2023-08-22,9403.0849609375,9419.083265412864,9321.653910408091,9332.055662220338,435930
2023-08-23,9511.1142578125,9549.798674101776,9357.613929000558,9429.93086916751,546842
2023-08-24,9484.119140625,9571.246386493154,9465.59392292667,9571.246386493154,385559
2023-08-25,9416.755859375,9534.691721311956,9396.249354699488,9464.603725334624,346449
2023-08-28,9507.89453125,9579.517826790578,9421.01494651276,9425.918822856316,325938
2023-08-29,9531.224609375,9594.130444136108,9417.052995891256,9510.173444199037,317224
2023-08-30,9704.7353515625,9726.08351446223,9520.079111687428,9569.611261071857,543634
2023-08-31,9910.1943359375,9970.82188154872,9678.680871342956,9678.680871342956,1581818
2023-09-01,10234.5810546875,10300.657139893963,9858.235371390803,9905.439899897912,1193178
2023-09-04,10265.4892578125,10370.002099494395,10190.051402652263,10303.67835387101,819552
2023-09-05,10166.0771484375,10315.268564767337,10149.929861014349,10253.15505515117,507107
2023-09-06,10083.6064453125,10163.997514377143,10035.36290356522,10163.997514377143,663758
2023-09-07,10184.5537109375,10204.515555707258,10055.027129928812,10055.027129928812,445805
2023-09-08,10235.3232421875,10302.686964648665,10203.622666911659,10301.696321671294,439721
2023-09-11,10435.2841796875,10451.28345080248,10247.210996692025,10248.201639673143,598050
2023-09-12,10405.3173828125,10469.511822874612,10307.640370405012,10445.339746809268,568773
2023-09-13,10375.4013671875,10437.811879700505,10342.313502155106,10401.752085500824,301707
2023-09-14,10390.0126953125,10481.0028672611,10333.446399950191,10367.128261716438,501196
2023-09-15,10426.765625,10451.284040165316,10379.363742650323,10391.151814335512,544616
2023-09-18,10423.64453125,10524.245103846519,10395.857188030688,10401.80104614925,430213
2023-09-20,10249.935546875,10395.857068523263,10240.821437713013,10395.857068523263,545106
2023-09-21,10188.0703125,10248.202540222917,10110.998475281316,10246.270592755012,577252
2023-09-22,10436.5732421875,10467.87717477874,10211.994275141853,10280.893303982186,986206
2023-09-25,10489.126953125,10619.693513849485,10431.471334033122,10436.57353271914,756801
2023-09-26,10457.8720703125,10534.448582612265,10428.053134823704,10532.417957897247,452503
2023-09-27,10580.810546875,10605.824283392436,10426.517894891218,10451.283970651055,458359
2023-09-28,10466.490234375,10604.833924242701,10433.502014064803,10550.843877640998,598144
2023-09-29,10511.31640625,10605.328815506751,10412.202765912027,10442.368039256145,481725
2023-10-03,10250.0849609375,10609.588743324872,10206.892343502914,10609.588743324872,623006
2023-10-04,10035.064453125,10187.673778881159,9995.587717148595,10187.673778881159,407793
2023-10-05,10114.6142578125,10174.845160182856,10014.410328971418,10086.677931052533,377196
2023-10-06,10205.6533203125,10236.26457536948,10163.996976481565,10186.781765025335,335700
2023-10-09,10148.939453125,10237.701648480748,10088.65921211818,10154.09099033189,230083
2023-10-10,10277.9208984375,10319.527903520331,10174.002063058324,10193.716245293674,348342
2023-10-11,10314.673828125,10342.31315542408,10243.298191835223,10253.1059447284,193526
2023-10-12,10481.8955078125,10525.136496791638,10322.698975082341,10362.126375262325,569237
2023-10-13,10627.1728515625,10644.509105254008,10431.273184848465,10435.483417887832,625954
2023-10-16,10604.337890625,10709.69238568301,10565.207492504613,10629.549948215374,304196
2023-10-17,10650.205078125,10696.814640009792,10466.44079287333,10629.59989622865,474718
2023-10-18,10687.5029296875,10708.702109953998,10610.826772631775,10654.36572703755,267435
2023-10-19,10670.9091796875,10697.656540143833,10599.879884546284,10599.879884546284,286284
2023-10-20,10625.291015625,10697.954296368609,10595.621062794142,10662.389823905602,232512
2023-10-23,10454.900390625,10624.300351835105,10431.917278426145,10581.058395819427,227925
2023-10-25,10489.76953125,10547.82179032981,10403.335931249558,10421.564149050511,401105
2023-10-26,10326.6123046875,10494.872642498405,10295.258064674787,10440.387273861685,506129
2023-10-27,10461.8837890625,10743.523402240231,10342.312984729184,10342.362323394533,1116713
2023-10-30,10300.4091796875,10599.880372810056,10149.137796209254,10599.880372810056,991168
2023-10-31,10295.0595703125,10391.84558973812,10224.426914364836,10391.84558973812,439996
2023-11-01,10132.048828125,10324.679550771201,10093.315074235032,10292.879330377647,699116
2023-11-02,10207.189453125,10248.202462807389,10105.549862068456,10194.014093902835,569194
2023-11-03,10180.14453125,10272.967974417013,10145.175026615683,10221.454538093996,517582
2023-11-06,10188.6142578125,10242.208624494962,10156.072022276396,10242.208624494962,490459
2023-11-07,10157.3603515625,10229.380295920359,10140.073436581903,10203.623576213413,264935
2023-11-08,10225.7138671875,10243.694424294032,10164.591001667872,10223.43558181217,287006
2023-11-09,10303.0341796875,10351.823350475779,10220.216806700082,10253.106349833195,310536
2023-11-10,10291.591796875,10318.934124108522,10223.435752013207,10277.921116970641,206395
2023-11-13,10301.1025390625,10331.41582783635,10266.677694876355,10331.41582783635,261891
2023-11-15,10358.212890625,10398.77991630705,10277.970804960441,10398.77991630705,436538
2023-11-16,10386.396484375,10445.04274318258,10311.801260312777,10381.938590896085,488715
2023-11-17,10425.0322265625,10507.552599854043,10400.910455056957,10401.752114686773,403772
2023-11-20,10467.3818359375,10494.2278748759,10401.751735700343,10401.751735700343,234246
2023-11-21,10436.5732421875,10519.638272787322,10401.751752920885,10519.638272787322,312242
2023-11-22,10396.3525390625,10452.522191927375,10322.500295214619,10451.283888149159,378891
2023-11-23,10390.359375,10426.51784543786,10296.792947738159,10389.665731397046,453820
2023-11-24,10417.255859375,10467.629670935044,10364.107473366055,10407.646428412336,380306
2023-11-28,10438.9501953125,10457.624396754138,10407.695601416473,10441.328125538037,268026
2023-11-29,10500.0732421875,10535.042748016087,10427.211640077225,10471.09693326621,343341
2023-11-30,10509.4345703125,10549.357289661924,10447.41973815954,10481.993565772638,665660
2023-12-01,10486.650390625,10658.3286387324,10434.492646760433,10508.74153728723,591519
2023-12-04,10500.271484375,10595.025909979246,10327.453613869455,10594.92723264593,625235
2023-12-05,10621.576171875,10669.225715911121,10464.559247457923,10551.2405148806,580996
2023-12-06,10526.3251953125,10648.372610317125,10490.9097069251,10621.575909791485,464163
2023-12-07,10596.5625,10830.551617390356,10535.488968235346,10689.038642901682,704413
2023-12-08,10519.1923828125,10647.431316897804,10452.274639429545,10629.599742306797,548373
2023-12-11,10443.111328125,10538.460721283824,10401.801319629922,10530.535576917375,579749
2023-12-12,10241.6640625,10524.591318659708,10204.712304355895,10520.628746627079,1088687
2023-12-13,10282.923828125,10315.467031602891,10163.997327731391,10263.061629171269,603469
2023-12-14,10256.3251953125,10396.798177778855,10215.807510060433,10342.312813340757,635475
2023-12-15,10190.150390625,10378.718895900744,9740.5958299708,10361.134982912245,1244681
2023-12-18,10223.0390625,10254.046962178087,10130.513587237556,10198.669631797049,652498
2023-12-19,10137.84375,10279.902342219439,10110.70071243649,10223.039047429977,585734
2023-12-20,9986.919921875,10212.58820781502,9896.52374651271,10144.184500929945,964051
2023-12-21,9919.1591796875,10004.751120167073,9807.365506315226,9906.429804358813,739806
2023-12-22,10121.548828125,10221.751790225786,9936.149597958854,9955.96245857293,652545
2023-12-26,10174.5478515625,10184.99894166246,10020.056883189563,10173.90354664659,395273
2023-12-27,10192.23046875,10208.922416269892,10134.27785345896,10189.75386125893,397675
2023-12-28,10175.48828125,10214.47066386759,10091.680270177612,10214.47066386759,584234
2023-12-29,10205.951171875,10299.369586644323,10176.876184949466,10184.256669252884,705227
2024-01-01,10187.0791015625,10248.20196894635,10119.072039178514,10248.20196894635,411724
2024-01-02,10102.330078125,10198.373114499256,10056.06685459434,10187.079396854353,776837
2024-01-03,9983.3544921875,10114.465715148988,9970.822470418665,10104.559284477931,521046
2024-01-04,9921.5869140625,10025.307432466361,9892.115284011525,10005.494571927891,711733
2024-01-05,9923.271484375,9980.728781579128,9876.711260778551,9916.981287944147,673131
2024-01-08,9853.62890625,10034.173592719024,9819.154723388612,9911.383199575157,600153
2024-01-09,9930.3046875,9948.681890159814,9797.459840435326,9881.664500337954,666469
2024-01-10,9916.53515625,9956.70553805225,9856.898251734436,9955.913217104919,481699
2024-01-11,9917.42578125,10029.368440599008,9906.43003088564,9931.29478329324,1024815
2024-01-12,9872.40234375,9950.960144492466,9842.980051544286,9931.196622068814,850190
2024-01-15,9992.517578125,10004.305649741076,9854.916874124914,9891.669343611557,463380
2024-01-16,10088.2626953125,10144.184688177116,9965.868941705254,9992.467320250704,536823
2024-01-17,9957.646484375,10066.715892228538,9902.913458362318,10029.269780133784,610250
2024-01-18,9831.63671875,9955.962418604213,9646.535456176032,9852.984882490997,614860
2024-01-19,9943.77734375,9957.59700695872,9855.95645563231,9866.804189868179,377018
2024-01-23,9768.1865234375,9879.683206001406,9740.101212320782,9769.721826690651,956269
2024-01-24,9894.7412109375,9906.430605567095,9663.723055730701,9767.740577089156,459092
2024-01-25,9788.5439453125,9906.232145785947,9724.696807462042,9894.741073413146,718817
2024-01-29,9897.9111328125,9941.102781845404,9782.649236097739,9838.224890400325,446516
2024-01-30,9858.533203125,9939.61694903778,9838.571358884607,9917.178497195593,399869
2024-01-31,10091.58203125,10139.825573645458,9820.244514008014,9866.11109354822,997024
2024-02-01,10538.4111328125,10599.682016773286,10108.521399790201,10114.465257924143,1869594
2024-02-02,10555.7470703125,10611.371093899108,10441.773787484492,10498.834436895511,814940
2024-02-05,10330.9697265625,10659.269199359662,10302.687062774168,10502.796946108821,365105
2024-02-06,10743.375,10755.164039381452,10360.145119289957,10401.702789133144,829040
2024-02-07,10833.375,10870.821112438412,10685.867868268413,10758.3831303669,560808
2024-02-08,10643.3701171875,10848.531903276515,10589.924731831308,10848.531903276515,557082
2024-02-09,10632.4228515625,10669.22562776843,10511.81206045936,10611.02534869402,645489
2024-02-12,10609.490234375,10648.372974704322,10550.397988535142,10599.88080315259,190655
2024-02-13,10693.49609375,10728.663921007226,10540.590730377598,10629.599618874196,397979
2024-02-14,10924.76171875,10946.60520352184,10603.248725012969,10604.833366850795,354676
2024-02-15,10986.478515625,11028.828503816698,10877.26012502536,10936.698704943532,447248
2024-02-16,11273.9140625,11372.581719015612,10994.156090386346,11015.95023653777,716486
2024-02-19,11375.900390625,11504.386986671423,11227.006934881085,11273.914463379822,581383
2024-02-20,11339.345703125,11372.532243456102,11209.96714752857,11332.95586232256,355044
2024-02-21,11358.5634765625,11413.197824126162,11263.610733470574,11348.806030135345,348461
2024-02-22,11548.7177734375,11585.569886527319,11284.662075237651,11392.394501501853,584406
2024-02-23,11427.6611328125,11610.336091044248,11367.826875392042,11595.427107210933,472884
2024-02-26,11359.703125,11426.026866424154,11309.626315522653,11397.34755848304,277700
2024-02-27,11393.0390625,11454.706590644213,11277.727827723058,11308.190100661766,307585
2024-02-28,11048.443359375,11391.354830182398,11025.856891841639,11363.666164089436,358812
2024-02-29,11182.724609375,11242.807494763942,11025.361354566507,11050.622751263703,943841
2024-03-01,11512.212890625,11565.75695094721,11189.312613357493,11189.312613357493,487355
2024-03-04,11485.6640625,11568.03544847821,11436.131911908838,11491.458937149238,369936
2024-03-05,11561.3984375,11620.243021869692,11453.61666672415,11487.546191319125,320702
2024-03-06,11458.8173828125,11569.720064629973,11410.62317936945,11561.398276123698,639542
2024-03-07,11402.3505859375,11524.645661175344,11314.283001241885,11462.779810618953,255325
2024-03-11,11288.921875,11447.772063738967,11243.847617582318,11407.403360667087,525344
2024-03-12,11402.2021484375,11467.58458583981,11274.507879934885,11293.330096762824,283816
2024-03-13,11283.5732421875,11446.731377415133,11162.169163338827,11402.301423910496,385204
2024-03-14,11297.88671875,11352.768727666931,11196.296473053264,11295.063773182936,523058
2024-03-15,11369.263671875,11413.247641776676,11208.184535384537,11273.517636437433,972333
2024-03-18,11527.4189453125,11556.247237062124,11259.945335361286,11329.637650853456,311049
2024-03-19,11488.5361328125,11570.660823933049,11348.95511550111,11434.100106841688,409259
2024-03-20,11829.4169921875,11912.482020386762,11542.130523504575,11542.130523504575,1031037
2024-03-21,11796.7265625,11887.716740749876,11714.700543048933,11886.726097688148,544311
2024-03-22,12222.2568359375,12311.018065408532,11778.795091826938,11778.795091826938,1062263
2024-03-26,12135.921875,12206.60483621221,12027.59544577076,12170.594381328041,507568
2024-03-27,12393.291015625,12603.654649818705,12170.743632706155,12175.003204378125,878986
2024-03-28,12482.4482421875,12607.715244067227,12269.608978832279,12452.333275191215,860324
2024-04-01,12451.986328125,12570.269493686326,12389.130801381258,12495.326960984074,314676
2024-04-02,12434.9970703125,12529.652816630592,12345.640877139042,12506.8186886874,333508
2024-04-03,12311.5625,12408.29917811543,12296.40585524097,12333.505629917938,271935
2024-04-04,12449.658203125,12530.643268123744,12202.789774805948,12373.131031612425,491166
2024-04-05,12305.37109375,12440.396512890336,12268.618624249375,12375.11275014116,231600
2024-04-08,12744.720703125,12806.68619589216,12333.505186254419,12333.505186254419,570422
2024-04-09,12767.4072265625,12864.193242986257,12660.417780529853,12744.721114461574,314466
2024-04-10,12564.078125,12836.752624135144,12482.994378439655,12811.986547919418,464239
2024-04-12,12151.7724609375,12541.541167238427,12110.611435188765,12541.541167238427,973366
2024-04-15,12306.609375,12392.944302011525,11920.358238160392,12085.349641278144,831257
2024-04-16,12385.712890625,12432.47143545048,12160.48961573651,12192.834497860424,579183
2024-04-18,12288.9267578125,12484.0834342566,12204.771439129938,12452.382857372279,679117
2024-04-19,12592.013671875,12640.010518090714,12110.610518751018,12283.87436418552,635535
2024-04-22,12665.8662109375,12758.640315842142,12540.549870107372,12663.538586832716,342212
2024-04-23,12874.64453125,12902.630196961863,12656.752402426113,12724.809772350196,397281
2024-04-24,12822.9326171875,12951.617532732826,12779.294985547398,12878.359287760943,296364
2024-04-25,12801.5849609375,12859.240580595935,12621.138940333602,12842.696647985587,640725
2024-04-26,12584.484375,12922.937943132923,12541.540387892896,12801.08885405624,704626
2024-04-29,12571.111328125,12873.208119876948,12485.074366154175,12680.280385781214,613937
2024-04-30,12697.5673828125,12874.39716848303,12620.99086799309,12666.3621265177,528776
2024-05-02,12685.5302734375,12723.96799674804,12397.69913600364,12630.698568972715,814923
2024-05-03,12375.26171875,12709.950079589042,12295.267294047988,12698.013024558106,834990
2024-05-06,12322.9052734375,12528.068019142811,12256.73051453845,12432.569646995964,342231
2024-05-07,12248.359375,12391.457949651945,12124.479661493397,12355.696124367605,604375
2024-05-08,12426.1796875,12442.426619510847,12209.674855454765,12276.047935804905,399669
2024-05-09,12387.64453125,12620.593655147288,12320.379483742065,12422.663374766356,504590
2024-05-10,12556.8955078125,12578.144993920443,12384.028302091756,12387.99087414266,328670
2024-05-13,12555.2607421875,12589.48823271407,12360.797709450473,12541.540723231938,281421
2024-05-14,12694.2978515625,12719.856247734198,12533.021363027905,12555.26052466139,331037
2024-05-15,12647.8369140625,12751.95407985678,12581.166829780212,12700.043996675773,232030
2024-05-16,12380.7099609375,12727.781351400896,12184.908983673024,12727.781351400896,914201
2024-05-17,12523.2138671875,12547.385944096079,12207.00041843961,12398.046507282526,809226
2024-05-21,12356.587890625,12560.26468427875,12325.382634225372,12482.251543279684,443136
2024-05-22,12414.09375,12445.44798786668,12247.41806553303,12311.512861009152,280015
2024-05-23,12813.869140625,12853.692217190104,12356.340068734084,12448.469872141139,768732
2024-05-24,12878.8056640625,12912.041544985559,12691.12814430029,12744.622869129907,624801
2024-05-27,12785.337890625,12936.312278532907,12657.44625974001,12901.590433088246,464953
2024-05-28,12698.65625,12864.440940123417,12680.478337523158,12769.388548713776,333806
2024-05-29,12668.9873046875,12729.812205948645,12630.698564813252,12698.062290492257,353706
2024-05-30,12480.12109375,12690.137419506073,12432.570227541079,12601.970188410363,524559
2024-05-31,12283.2802734375,12515.140087637092,12214.628903015015,12480.121242512827,908304
2024-06-03,12359.4111328125,12704.996558668421,12286.499227077456,12704.996558668421,485936
2024-06-04,12062.119140625,12479.328848972598,11453.27030779509,12478.733882686445,825928
2024-06-05,12385.61328125,12496.069980177144,12011.645533761235,12066.032223610997,447581
2024-06-06,12554.9140625,12571.259672002603,12351.33692596757,12394.47923513948,447536
2024-06-07,12691.029296875,12707.968905874073,12464.61705634349,12464.61705634349,532480
2024-06-10,12598.5517578125,12799.10762770842,12509.741192847567,12645.706945316837,293471
2024-06-11,12743.28515625,12818.474379154848,12536.785430349557,12624.259013368734,358807
2024-06-12,12729.1181640625,12830.411410167795,12682.21160528097,12743.285132812176,302719
2024-06-13,12726.6416015625,12818.920383721264,12620.395140113187,12818.920383721264,297240
2024-06-14,12725.0078125,12774.34164101757,12659.228729526694,12711.43580974928,216967
2024-06-18,12443.41796875,12759.482439259258,12424.694428200712,12757.897797354757,823306
2024-06-19,12127.55078125,12506.868388493536,12085.845096207615,12492.008742883445,694871
2024-06-20,12035.8173828125,12190.357694077882,12021.453059008987,12131.414434332431,907751
2024-06-21,12087.3310546875,12250.539495556226,11970.435175946925,12105.657950930725,947800
2024-06-24,12069.400390625,12174.01190512642,11928.332439549778,12067.022460439817,550862
2024-06-25,12003.224609375,12123.290734685474,11959.091657127068,12087.23190987263,594272
2024-06-26,12084.111328125,12208.535705593613,11954.783074178022,12003.621582021242,447931
2024-06-27,12064.7939453125,12112.889471506884,11897.622932008879,12085.845109950733,1230852
2024-06-28,11921.2490234375,12087.330711375513,11891.82769991984,12070.935763011255,1160395
2024-07-01,11995.349609375,12145.283038710864,11893.21373680829,11932.294796188611,1134926
2024-07-02,11929.9169921875,12036.263098579684,11882.762772407392,12036.263098579684,687181
2024-07-03,12010.2099609375,12036.313018249937,11848.090839363724,12001.640511613003,467532
2024-07-04,11976.4775390625,12095.751346351904,11958.84428668628,12021.453119408712,299684
2024-07-05,11990.79296875,12023.88083401181,11909.412221609808,11956.220106319108,406926
2024-07-08,11911.0947265625,11998.667954281967,11854.034077025926,11990.742810322732,496933
2024-07-09,12707.671875,12838.684416599848,12149.295540409996,12209.675426980111,2114130
2024-07-10,12653.28515625,13175.55235746861,12613.511418873897,12828.876634096714,2070520
2024-07-11,12596.224609375,12802.872361101634,12576.262765095684,12680.230945906662,608983
2024-07-12,12444.953125,12551.348573910234,12358.271859452736,12501.915099502488,674746
2024-07-15,12525.640625,12649.02501590087,12472.195242212629,12482.10167211113,697186
2024-07-16,12521.2822265625,12678.249812039792,12464.023251494893,12524.700138585646,347810
2024-07-18,12525.7392578125,12561.353066655998,12346.383538622531,12514.792846298518,391216
2024-07-19,12407.1103515625,12591.07295637707,12379.521330048163,12531.634374364274,351955
2024-07-22,12522.9658203125,12540.500394892648,12284.022535293128,12383.03749660091,249631
2024-07-23,12510.8798828125,12615.789364297048,12244.347575077827,12600.979057847086,332258
2024-07-24,12370.4072265625,12544.711061883234,12341.629239909196,12515.784091804891,285860
2024-07-25,12392.15234375,12407.804310592961,12272.135550214918,12272.135550214918,396789
2024-07-26,12545.2060546875,12623.862529072783,12273.274548974312,12353.318310540808,537693
2024-07-29,12632.2333984375,12654.176527588648,12485.073576074967,12590.081732788762,388263
2024-07-30,12753.1923828125,12847.451489268788,12590.974582163948,12640.60541236953,526539
2024-07-31,12993.0751953125,13249.850053002183,12774.49039900514,12858.546070128472,836405
2024-08-01,13234.0498046875,13551.99688413468,12989.311633389905,13267.682329621035,2040384
2024-08-02,12726.400390625,13174.900390625,12673.0498046875,13126.0,1333355
2024-08-05,12200.849609375,12490.0,12027.650390625,12490.0,1131415
2024-08-06,12131.099609375,12554.900390625,12110.0,12390.0,623565
2024-08-07,12371.5,12450.0,12265.900390625,12399.0,433514
2024-08-08,12218.849609375,12392.7001953125,12152.150390625,12371.0,358577
2024-08-09,12224.2001953125,12390.0,12195.099609375,12390.0,320211
2024-08-12,12273.25,12370.0,12100.0,12200.0,291212
2024-08-13,12176.25,12340.0498046875,12122.0,12337.0,464483
2024-08-14,12205.650390625,12239.0,12130.0,12239.0,449827
2024-08-16,12213.2998046875,12343.9501953125,12111.0,12314.9501953125,552732
2024-08-19,12149.7998046875,12244.0498046875,12126.7998046875,12195.0,277319
2024-08-20,12214.9501953125,12310.0,12150.099609375,12160.5,471927
2024-08-21,12220.9501953125,12248.9501953125,12177.0498046875,12214.9501953125,295984
2024-08-22,12276.349609375,12325.0,12181.0,12280.0,501316
2024-08-23,12302.2998046875,12375.0498046875,12254.400390625,12300.0,440809
2024-08-26,12243.7998046875,12334.5,12222.0,12325.0,232805
2024-08-27,12496.900390625,12530.0,12225.099609375,12245.0,477609
2024-08-28,12357.5,12519.9501953125,12330.0,12500.0,313227
2024-08-29,12453.7998046875,12480.0,12250.0,12343.0,608598
2024-08-30,12403.0,12570.0,12316.2001953125,12460.0,2271179
2024-09-02,12427.400390625,12525.0,12350.400390625,12373.0,331514
2024-09-03,12397.099609375,12474.2998046875,12359.900390625,12474.0,445514
2024-09-04,12336.25,12398.0,12234.099609375,12325.0498046875,735076
2024-09-05,12298.599609375,12370.0,12230.0,12337.0,595865
2024-09-06,12186.150390625,12304.849609375,12094.7001953125,12250.0,733354
2024-09-09,12145.75,12219.849609375,12102.0,12197.5,415790
2024-09-10,12263.400390625,12288.0498046875,12098.0,12150.099609375,285122
2024-09-11,12242.599609375,12334.0,12165.0,12260.0,349799
2024-09-12,12400.849609375,12427.0,12151.349609375,12262.099609375,547830
2024-09-13,12316.0498046875,12395.0,12291.0498046875,12365.0,361093
2024-09-16,12289.0,12364.0,12256.0,12321.9501953125,170114
2024-09-17,12245.75,12285.0,12151.650390625,12285.0,568161
2024-09-18,12204.099609375,12337.9501953125,12170.0,12240.0498046875,182282
2024-09-19,12351.5,12410.0,12206.400390625,12259.9501953125,465608
2024-09-20,12614.5,12705.150390625,12360.0498046875,12360.400390625,875654
2024-09-23,12683.099609375,12749.0,12625.0,12625.0,235586
2024-09-24,12738.599609375,12778.9501953125,12583.099609375,12583.099609375,425916
2024-09-25,12785.2998046875,12816.2001953125,12611.0,12727.25,341172
2024-09-26,13383.7998046875,13411.0,12830.0,12835.0,1471069
2024-09-27,13495.599609375,13541.650390625,13274.4501953125,13383.0,865698
2024-09-30,13238.0,13500.0,13208.7001953125,13343.5498046875,415743
2024-10-01,13166.0,13300.4501953125,13000.0498046875,13238.0,388888
2024-10-03,12647.349609375,13148.0,12592.2998046875,12941.0498046875,863520
2024-10-04,12605.75,12877.849609375,12512.5,12689.900390625,679362
2024-10-07,12527.5,12648.0,12378.0,12626.0498046875,465500
2024-10-08,12531.9501953125,12630.099609375,12462.0498046875,12502.25,387060
2024-10-09,12760.7001953125,12850.0,12540.5,12554.9501953125,465231
2024-10-10,12944.099609375,12965.0,12711.5,12798.900390625,492698
2024-10-11,12776.650390625,12980.0,12725.0,12944.099609375,274243
2024-10-14,12537.849609375,12799.0,12462.2998046875,12775.0,488067
2024-10-15,12446.75,12709.0,12355.0,12709.0,532135
2024-10-16,12383.900390625,12454.9501953125,12231.0,12414.0498046875,418138
2024-10-17,12143.75,12420.099609375,12070.0,12400.0,875937
2024-10-18,12105.099609375,12141.25,11844.4501953125,12070.0,506871
2024-10-21,12175.900390625,12250.0,11944.5498046875,12145.5498046875,375275
2024-10-22,11923.2998046875,12289.7998046875,11840.0,12215.9501953125,904901
2024-10-23,11956.2001953125,12119.900390625,11753.4501953125,11923.2998046875,412638
2024-10-24,11763.7001953125,11998.9501953125,11636.900390625,11998.9501953125,552495
2024-10-25,11502.849609375,11794.2998046875,11440.0,11763.599609375,624582
2024-10-28,11483.25,11632.650390625,11440.0,11504.7998046875,613830
2024-10-29,11046.0,11483.0,10742.4501953125,11450.0,2268683
2024-10-30,11256.4501953125,11520.0,10945.0,10979.0,1672966
2024-10-31,11076.4501953125,11247.5498046875,11050.0,11225.0,838211
2024-11-01,11110.0,11209.5498046875,11080.0,11150.0,65670
2024-11-04,11052.4501953125,11295.0,10860.0,11295.0,444462
2024-11-05,11170.099609375,11275.0,11011.900390625,11042.0,321159
2024-11-06,11354.25,11430.0,11172.599609375,11219.0,416027
2024-11-07,11300.150390625,11385.0,11186.599609375,11305.150390625,530194
2024-11-08,11303.0,11344.0,11125.599609375,11260.5,269993
2024-11-11,11399.7001953125,11518.150390625,11310.0,11331.5,450681
2024-11-12,11143.099609375,11516.900390625,11107.25,11392.0498046875,549747
2024-11-13,11049.599609375,11142.849609375,10864.2998046875,11140.0,507710
2024-11-14,11006.0498046875,11117.7001953125,10892.099609375,11055.0,431348
2024-11-18,11093.9501953125,11182.9501953125,10915.0,10950.0,333440
2024-11-19,10959.2998046875,11195.25,10896.400390625,11090.0,864067
2024-11-21,10861.4501953125,10958.2001953125,10770.0,10921.150390625,540201
2024-11-22,11063.599609375,11106.650390625,10827.25,10905.0,493678
2024-11-25,11025.150390625,11247.9501953125,10990.0498046875,11202.0,635726
2024-11-26,10943.9501953125,11077.9501953125,10891.4501953125,11025.150390625,406586
2024-11-27,11058.349609375,11116.900390625,10870.0,10936.0,343332
2024-11-28,10949.849609375,11080.599609375,10888.0,11060.400390625,607669
2024-11-29,11074.2001953125,11130.099609375,10920.0,10949.9501953125,338207
2024-12-02,11239.2998046875,11330.0,11151.0,11151.0,446880
2024-12-03,11279.25,11309.0,11203.0,11250.0,258644
2024-12-04,11129.849609375,11300.0,11106.0,11281.0,554674
2024-12-05,11182.25,11270.0,11031.0,11134.9501953125,545501
2024-12-06,11317.9501953125,11375.9501953125,11121.0,11200.0,417214
2024-12-09,11279.7998046875,11368.900390625,11252.5498046875,11322.0,254485
2024-12-10,11198.2001953125,11314.349609375,11170.0,11275.0,410569
2024-12-11,11277.75,11320.849609375,11220.599609375,11229.900390625,226584
2024-12-12,11167.400390625,11299.349609375,11078.25,11299.349609375,396561
2024-12-13,11272.5498046875,11290.0,11033.599609375,11137.400390625,263579
2024-12-16,11277.0,11329.4501953125,11205.0,11255.5498046875,223389
2024-12-17,11108.5498046875,11272.4501953125,11059.7001953125,11263.0,295445
2024-12-18,11002.4501953125,11098.0498046875,10970.099609375,11085.0,497103
2024-12-19,10955.349609375,11035.400390625,10852.4501953125,10888.0,435360
2024-12-20,10901.0498046875,11077.0,10865.9501953125,10940.0,404571
