Price,Adj Close,Close,High,Low,Open,Volume
Ticker,TCS.NS,TCS.NS,TCS.NS,TCS.NS,TCS.NS,TCS.NS
Date,,,,,,
2021-12-22,3470.031005859375,3630.75,3636.800048828125,3606.25,3624.0,1224328
2021-12-23,3500.567138671875,3662.699951171875,3670.5,3630.0,3648.0,1792861
2021-12-24,3508.40380859375,3670.89990234375,3705.0,3644.800048828125,3685.0,2209923
2021-12-27,3532.488525390625,3696.10009765625,3700.0,3653.10009765625,3671.0,1534135
2021-12-28,3542.47607421875,3706.550048828125,3725.0,3693.85009765625,3710.0,1456218
2021-12-29,3531.150390625,3694.699951171875,3719.949951171875,3685.0,3692.25,1456923
2021-12-30,3568.4716796875,3733.75,3740.0,3680.0,3681.35009765625,1966475
2021-12-31,3572.86865234375,3738.35009765625,3760.0,3731.300048828125,3742.800048828125,1207141
2022-01-03,3648.75341796875,3817.75,3830.0,3745.0,3750.0,2346158
2022-01-04,3712.787841796875,3884.75,3889.14990234375,3811.699951171875,3831.10009765625,2488606
2022-01-05,3690.041259765625,3860.949951171875,3870.0,3812.39990234375,3865.0,1733031
2022-01-06,3638.90966796875,3807.449951171875,3835.0,3772.0,3812.0,1810293
2022-01-07,3682.92138671875,3853.5,3864.89990234375,3796.39990234375,3820.0,2460591
2022-01-10,3708.105224609375,3879.85009765625,3978.0,3861.0,3978.0,3937092
2022-01-11,3742.55859375,3915.89990234375,3925.0,3856.0,3856.0,1906106
2022-01-12,3689.037109375,3859.89990234375,3929.0,3836.550048828125,3925.0,3203744
2022-01-13,3725.355712890625,3897.89990234375,3923.0,3857.0,3918.0,6684507
2022-01-14,3792.495849609375,3968.14990234375,3977.0,3860.050048828125,3877.85009765625,3348123
2022-01-17,3841.238525390625,4019.14990234375,4043.0,3962.300048828125,3992.699951171875,3442604
2022-01-18,3813.9521484375,3990.60009765625,4041.699951171875,3980.0,4033.949951171875,2389041
2022-01-19,3747.9384765625,3914.64990234375,4012.0,3910.5,4012.0,3102539
2022-01-20,3663.59033203125,3826.550048828125,3920.0,3811.0,3910.0,6176776
2022-01-21,3670.244384765625,3833.5,3851.550048828125,3771.10009765625,3807.0,3112358
2022-01-24,3610.740966796875,3771.35009765625,3849.64990234375,3740.10009765625,3840.0,3258414
2022-01-25,3609.352783203125,3769.89990234375,3809.39990234375,3722.199951171875,3769.5,3330501
2022-01-27,3493.8408203125,3649.25,3733.39990234375,3625.10009765625,3731.0,5718297
2022-01-28,3532.903564453125,3690.050048828125,3729.800048828125,3646.0,3646.0,3143862
2022-01-31,3577.135009765625,3736.25,3758.0,3721.39990234375,3749.0,2739393
2022-02-01,3638.793212890625,3800.64990234375,3808.0,3736.39990234375,3770.0,2105169
2022-02-02,3691.977294921875,3856.199951171875,3864.0,3800.64990234375,3827.89990234375,1984212
2022-02-03,3661.72314453125,3824.60009765625,3882.5,3816.050048828125,3851.0,1960538
2022-02-04,3652.4365234375,3814.89990234375,3824.699951171875,3769.0,3815.300048828125,2307366
2022-02-07,3618.065185546875,3779.0,3831.800048828125,3756.14990234375,3791.0,1919149
2022-02-08,3584.02880859375,3743.449951171875,3799.699951171875,3721.0,3791.550048828125,2946443
2022-02-09,3600.4013671875,3760.550048828125,3777.949951171875,3746.10009765625,3750.0,1638721
2022-02-10,3609.783447265625,3770.35009765625,3789.800048828125,3758.0,3789.800048828125,2112459
2022-02-11,3537.5947265625,3694.949951171875,3752.5,3690.0,3752.5,3851488
2022-02-14,3574.7421875,3733.75,3793.25,3710.0,3724.0,5951745
2022-02-15,3655.212890625,3817.800048828125,3835.0,3748.0,3786.0,3931683
2022-02-16,3650.713134765625,3813.10009765625,3854.10009765625,3806.0,3844.0,3256906
2022-02-17,3623.043701171875,3784.199951171875,3835.0,3779.0,3825.0,3134372
2022-02-18,3632.330810546875,3793.89990234375,3815.949951171875,3757.60009765625,3769.0,3688883
2022-02-21,3561.003662109375,3719.39990234375,3827.800048828125,3705.550048828125,3810.0,7465922
2022-02-22,3433.6669921875,3586.39990234375,3667.89990234375,3570.0,3650.0,5408531
2022-02-23,3412.030029296875,3563.800048828125,3622.89990234375,3555.64990234375,3611.0,2426203
2022-02-24,3256.78515625,3401.64990234375,3483.85009765625,3391.10009765625,3474.0,5039136
2022-02-25,3370.81298828125,3520.75,3530.0,3462.0,3468.0,2549723
2022-02-28,3402.8388671875,3554.199951171875,3563.75,3455.89990234375,3490.0,3288942
2022-03-02,3395.1318359375,3546.14990234375,3571.949951171875,3506.0,3552.5,2761341
2022-03-03,3393.4560546875,3544.39990234375,3578.60009765625,3530.10009765625,3562.85009765625,1928039
2022-03-04,3374.26025390625,3524.35009765625,3561.199951171875,3487.050048828125,3501.5,2370257
2022-03-07,3336.490234375,3484.89990234375,3548.0,3431.550048828125,3450.0,3054130
2022-03-08,3446.640380859375,3599.949951171875,3609.0,3460.0,3460.0,3300992
2022-03-09,3477.89990234375,3632.60009765625,3654.0,3597.050048828125,3605.0,2719654
2022-03-10,3466.745849609375,3620.949951171875,3684.0,3615.0,3684.0,2005441
2022-03-11,3445.87451171875,3599.14990234375,3639.85009765625,3592.85009765625,3603.25,1623423
2022-03-14,3487.85693359375,3643.0,3648.35009765625,3580.0,3580.0,1765688
2022-03-15,3440.84765625,3593.89990234375,3659.0,3585.39990234375,3659.0,3651133
2022-03-16,3500.20751953125,3655.89990234375,3668.0,3616.25,3640.5,3090475
2022-03-17,3516.33984375,3672.75,3710.0,3660.300048828125,3696.60009765625,3600452
2022-03-21,3472.251220703125,3626.699951171875,3713.949951171875,3615.0,3696.0,2413831
2022-03-22,3543.339111328125,3700.949951171875,3711.0,3625.0,3640.0,2907611
2022-03-23,3554.301513671875,3712.39990234375,3729.800048828125,3690.0,3708.0,1596195
2022-03-24,3590.156494140625,3749.85009765625,3758.199951171875,3695.0,3700.0,1879046
2022-03-25,3549.56201171875,3707.449951171875,3779.5,3672.0,3759.89990234375,1690133
2022-03-28,3549.802001953125,3707.699951171875,3713.0,3661.199951171875,3695.0,1760990
2022-03-29,3547.552001953125,3705.35009765625,3722.0,3691.0,3694.75,2689063
2022-03-30,3572.6357421875,3731.550048828125,3738.0,3706.199951171875,3738.0,1583455
2022-03-31,3580.677978515625,3739.949951171875,3754.64990234375,3720.199951171875,3740.0,2168110
2022-04-01,3598.67724609375,3758.75,3763.0,3728.050048828125,3748.0,1387014
2022-04-04,3609.783447265625,3770.35009765625,3780.0,3737.10009765625,3762.0,1472994
2022-04-05,3652.341064453125,3814.800048828125,3835.60009765625,3772.0,3772.0,2314947
2022-04-06,3595.422607421875,3755.35009765625,3809.300048828125,3731.14990234375,3809.300048828125,2051729
2022-04-07,3527.254150390625,3684.14990234375,3745.5,3679.0,3745.5,2494829
2022-04-08,3528.6904296875,3685.64990234375,3705.0,3642.5,3690.0,2296773
2022-04-11,3538.982666015625,3696.39990234375,3712.35009765625,3656.10009765625,3690.0,2291660
2022-04-12,3533.908935546875,3691.10009765625,3739.0,3648.35009765625,3683.0,4483476
2022-04-13,3506.0,3661.949951171875,3709.85009765625,3655.550048828125,3707.0,1621672
2022-04-18,3377.802490234375,3528.050048828125,3610.0,3522.5,3610.0,3820792
2022-04-19,3324.04345703125,3471.89990234375,3563.550048828125,3439.14990234375,3550.0,3170014
2022-04-20,3405.328125,3556.800048828125,3569.14990234375,3480.0,3500.0,2640370
2022-04-21,3474.1181640625,3628.64990234375,3644.0,3567.39990234375,3580.0,2280996
2022-04-22,3458.70361328125,3612.550048828125,3617.0,3571.5,3581.10009765625,1581465
2022-04-25,3397.09375,3548.199951171875,3584.0,3533.10009765625,3558.0,1960694
2022-04-26,3395.275146484375,3546.300048828125,3587.89990234375,3518.14990234375,3575.14990234375,1943469
2022-04-27,3409.54052734375,3561.199951171875,3568.449951171875,3506.300048828125,3546.0,1727648
2022-04-28,3431.656494140625,3584.300048828125,3604.39990234375,3538.050048828125,3588.0,1703660
2022-04-29,3395.658203125,3546.699951171875,3623.25,3536.85009765625,3597.0,2051115
2022-05-02,3391.541259765625,3542.39990234375,3547.949951171875,3492.75,3519.89990234375,1324161
2022-05-04,3331.558837890625,3479.75,3545.449951171875,3465.300048828125,3538.5,2305825
2022-05-05,3363.776123046875,3513.39990234375,3533.0,3485.35009765625,3512.10009765625,1612262
2022-05-06,3286.41748046875,3432.60009765625,3474.5,3424.5,3459.0,2010812
2022-05-09,3298.385009765625,3445.10009765625,3456.0,3346.85009765625,3398.0,2481830
2022-05-10,3292.30517578125,3438.75,3464.800048828125,3422.0,3434.0,1622685
2022-05-11,3266.694580078125,3412.0,3448.449951171875,3382.14990234375,3435.0,1841769
2022-05-12,3263.48681640625,3408.64990234375,3449.699951171875,3350.10009765625,3378.0,2807195
2022-05-13,3269.47119140625,3414.89990234375,3439.89990234375,3382.14990234375,3435.0,2187823
2022-05-16,3232.993896484375,3376.800048828125,3430.0,3366.60009765625,3415.0,1195813
2022-05-17,3304.6083984375,3451.60009765625,3467.0,3350.39990234375,3370.0,1754076
2022-05-18,3301.92724609375,3448.800048828125,3495.0,3443.050048828125,3465.0,1866781
2022-05-19,3123.034912109375,3261.949951171875,3405.0,3230.0,3397.0,4642963
2022-05-20,3152.7626953125,3293.0,3313.89990234375,3270.050048828125,3310.0,3065125
2022-05-23,3180.287841796875,3321.75,3338.89990234375,3267.0,3304.800048828125,2293690
2022-05-24,3147.97509765625,3288.0,3324.85009765625,3275.60009765625,3315.14990234375,1711510
2022-05-25,3053.178955078125,3167.64990234375,3292.85009765625,3154.050048828125,3292.85009765625,3548046
2022-05-26,3110.33642578125,3226.949951171875,3241.5,3180.550048828125,3191.0,2813186
2022-05-27,3143.445556640625,3261.300048828125,3278.89990234375,3229.199951171875,3253.199951171875,3103153
2022-05-30,3253.27685546875,3375.25,3386.60009765625,3286.35009765625,3297.0,2094624
2022-05-31,3242.77099609375,3364.35009765625,3383.39990234375,3325.0,3354.14990234375,4840965
2022-06-01,3233.951904296875,3355.199951171875,3388.0,3340.050048828125,3388.0,1493835
2022-06-02,3299.30126953125,3423.0,3432.0,3346.300048828125,3355.0,2657939
2022-06-03,3315.83203125,3440.14990234375,3477.300048828125,3431.199951171875,3459.39990234375,1913622
2022-06-06,3306.96435546875,3430.949951171875,3453.0,3377.14990234375,3418.0,1084210
2022-06-07,3241.18115234375,3362.699951171875,3418.85009765625,3356.0,3401.050048828125,2308256
2022-06-08,3281.133056640625,3404.14990234375,3413.949951171875,3346.5,3380.14990234375,2185707
2022-06-09,3303.253662109375,3427.10009765625,3437.0,3353.10009765625,3385.0,1279197
2022-06-10,3238.48193359375,3359.89990234375,3393.0,3352.0,3382.0,1527582
2022-06-13,3103.25244140625,3219.60009765625,3293.0,3192.449951171875,3290.0,3030921
2022-06-14,3094.529052734375,3210.550048828125,3238.89990234375,3174.699951171875,3190.0,2611493
2022-06-15,3090.43310546875,3206.300048828125,3234.0,3201.0,3218.5,1404536
2022-06-16,3028.456298828125,3142.0,3244.85009765625,3133.050048828125,3240.0,2032028
2022-06-17,2977.27490234375,3088.89990234375,3118.75,3023.85009765625,3092.0,5240434
2022-06-20,2999.92626953125,3112.39990234375,3138.75,3069.0,3094.0,1502769
2022-06-21,3095.878662109375,3211.949951171875,3237.75,3125.39990234375,3130.0,2964461
2022-06-22,3106.48046875,3222.949951171875,3250.550048828125,3183.0,3199.89990234375,3336315
2022-06-23,3189.228515625,3308.800048828125,3318.0,3222.949951171875,3222.949951171875,3692578
2022-06-24,3174.096435546875,3293.10009765625,3345.0,3277.5,3339.0,2132118
2022-06-27,3194.91552734375,3314.699951171875,3362.89990234375,3306.5,3350.0,2037686
2022-06-28,3198.24072265625,3318.14990234375,3330.0,3272.60009765625,3307.0,1400046
2022-06-29,3171.58984375,3290.5,3333.0,3271.0,3271.0,2133994
2022-06-30,3149.03515625,3267.10009765625,3310.89990234375,3255.0,3272.0,2719603
2022-07-01,3195.301025390625,3315.10009765625,3333.0,3252.050048828125,3260.0,1502879
2022-07-04,3118.1435546875,3235.050048828125,3317.949951171875,3225.050048828125,3312.0,2622535
2022-07-05,3100.0712890625,3216.300048828125,3272.0,3206.949951171875,3255.0,2170627
2022-07-06,3142.91552734375,3260.75,3268.5,3202.25,3218.5,2182144
2022-07-07,3169.03564453125,3287.85009765625,3319.39990234375,3265.050048828125,3271.0,1989921
2022-07-08,3147.445068359375,3265.449951171875,3305.0,3250.0,3300.0,2136916
2022-07-11,3001.27587890625,3113.800048828125,3225.0,3106.0,3206.14990234375,6974600
2022-07-12,2973.2265625,3084.699951171875,3136.199951171875,3080.25,3114.89990234375,3734815
2022-07-13,2928.9375,3038.75,3110.0,3035.0,3104.0,3863530
2022-07-14,2898.012451171875,2998.75,3057.0,2967.0,3056.0,4764908
2022-07-15,2894.001953125,2994.60009765625,3028.89990234375,2953.0,3018.550048828125,4574806
2022-07-18,2960.58740234375,3063.5,3076.949951171875,3014.300048828125,3023.0,3202795
2022-07-19,2970.9765625,3074.25,3078.949951171875,3030.050048828125,3030.050048828125,1865074
2022-07-20,3058.484619140625,3164.800048828125,3171.949951171875,3098.050048828125,3107.800048828125,3402251
2022-07-21,3070.564453125,3177.300048828125,3184.0,3144.050048828125,3167.0,2420640
2022-07-22,3064.47607421875,3171.0,3197.0,3143.5,3185.0,2075886
2022-07-25,3060.369140625,3166.75,3186.449951171875,3149.10009765625,3165.0,1797504
2022-07-26,3011.226806640625,3115.89990234375,3168.89990234375,3096.5,3164.699951171875,2639367
2022-07-27,3081.7265625,3188.85009765625,3194.10009765625,3110.0,3115.0,1389808
2022-07-28,3150.969970703125,3260.5,3264.0,3201.64990234375,3216.0,2106333
2022-07-29,3190.978271484375,3301.89990234375,3317.300048828125,3275.0,3290.0,2430257
2022-08-01,3187.98291015625,3298.800048828125,3327.0,3271.0,3327.0,1306913
2022-08-02,3181.21826171875,3291.800048828125,3312.89990234375,3271.64990234375,3290.0,1269114
2022-08-03,3227.315185546875,3339.5,3349.0,3277.050048828125,3280.0,2895824
2022-08-04,3242.24658203125,3354.949951171875,3387.89990234375,3307.35009765625,3350.0,2150567
2022-08-05,3252.00732421875,3365.050048828125,3377.0,3355.0,3361.199951171875,1106933
2022-08-08,3261.091552734375,3374.449951171875,3378.89990234375,3336.0,3365.0,1068836
2022-08-10,3241.5703125,3354.25,3385.0,3335.0,3385.0,1878359
2022-08-11,3307.52734375,3422.5,3428.699951171875,3375.050048828125,3400.0,1449248
2022-08-12,3287.281494140625,3401.550048828125,3419.0,3381.25,3419.0,1472354
2022-08-16,3278.728515625,3392.699951171875,3414.85009765625,3387.5,3411.0,839942
2022-08-17,3286.846435546875,3401.10009765625,3417.949951171875,3371.10009765625,3385.10009765625,1622326
2022-08-18,3267.6630859375,3381.25,3392.0,3362.0,3390.0,1430659
2022-08-19,3272.01123046875,3385.75,3421.5,3371.25,3387.0,1398410
2022-08-22,3241.8603515625,3354.550048828125,3384.10009765625,3347.39990234375,3365.0,1536532
2022-08-23,3174.260009765625,3284.60009765625,3341.89990234375,3270.0,3319.949951171875,1849256
2022-08-24,3145.992431640625,3255.35009765625,3308.0,3250.199951171875,3292.0,1691923
2022-08-25,3110.090576171875,3218.199951171875,3278.14990234375,3214.75,3276.0,1946930
2022-08-26,3113.956298828125,3222.199951171875,3257.0,3216.800048828125,3234.300048828125,1457962
2022-08-29,3027.31787109375,3132.550048828125,3142.699951171875,3081.0,3125.0,2539173
2022-08-30,3103.27685546875,3211.14990234375,3226.5,3142.10009765625,3155.0,3431525
2022-09-01,3026.49609375,3131.699951171875,3190.0,3121.0,3190.0,3546935
2022-09-02,3025.23974609375,3130.39990234375,3163.0,3120.300048828125,3163.0,2052900
2022-09-05,3028.138671875,3133.39990234375,3147.949951171875,3112.25,3123.64990234375,2147912
2022-09-06,3022.002685546875,3127.050048828125,3140.85009765625,3106.35009765625,3135.5,1936453
2022-09-07,3043.795166015625,3149.60009765625,3161.89990234375,3102.0,3102.0,1291534
2022-09-08,3063.1708984375,3169.64990234375,3183.5,3160.10009765625,3170.0,1346113
2022-09-09,3109.558837890625,3217.64990234375,3233.5,3168.5,3195.0,1561185
2022-09-12,3134.00927734375,3242.949951171875,3269.800048828125,3225.0,3239.89990234375,1785928
2022-09-13,3120.865966796875,3229.35009765625,3263.449951171875,3225.0,3263.449951171875,1972678
2022-09-14,3015.575927734375,3120.39990234375,3141.39990234375,3113.800048828125,3135.0,5090269
2022-09-15,3000.065185546875,3104.35009765625,3137.75,3100.0,3130.0,2138023
2022-09-16,2907.627685546875,3008.699951171875,3094.35009765625,3000.0,3076.0,5322221
2022-09-19,2927.052734375,3028.800048828125,3042.0,2987.800048828125,3036.0,2072220
2022-09-20,2938.166748046875,3040.300048828125,3079.949951171875,3030.0,3050.0,1544295
2022-09-21,2900.38037109375,3001.199951171875,3041.39990234375,2998.14990234375,3028.0,2253818
2022-09-22,2906.3720703125,3007.39990234375,3029.949951171875,2979.300048828125,2990.0,2017983
2022-09-23,2881.87353515625,2982.050048828125,3022.5,2979.0,3004.0,2652374
2022-09-26,2893.80859375,2994.39990234375,3025.85009765625,2926.10009765625,2959.85009765625,2925489
2022-09-27,2916.08447265625,3017.449951171875,3025.0,2976.0,3009.39990234375,2227447
2022-09-28,2933.6728515625,3035.64990234375,3049.949951171875,2980.0,2980.0,2739767
2022-09-29,2896.611083984375,2997.300048828125,3055.85009765625,2990.0,3054.0,2493902
2022-09-30,2903.61767578125,3004.550048828125,3019.699951171875,2950.10009765625,2990.85009765625,2817353
2022-10-03,2884.676025390625,2984.949951171875,3020.699951171875,2974.0,2995.0,1763331
2022-10-04,2987.308349609375,3091.14990234375,3098.0,3023.0,3029.949951171875,2145875
2022-10-06,2997.7451171875,3101.949951171875,3124.0,3092.449951171875,3111.0,1790816
2022-10-07,2961.93994140625,3064.89990234375,3105.0,3058.10009765625,3097.39990234375,1939879
2022-10-10,3013.7880859375,3118.550048828125,3127.0,3005.0,3010.0,3064063
2022-10-11,2966.433837890625,3069.550048828125,3145.0,3053.35009765625,3100.0,4730645
2022-10-12,2996.586181640625,3100.75,3109.89990234375,3062.050048828125,3084.89990234375,1665247
2022-10-13,2999.050048828125,3103.300048828125,3110.0,3052.35009765625,3100.75,2054781
2022-10-14,2995.03955078125,3099.14990234375,3150.0,3071.0,3145.0,2245977
2022-10-17,3014.9990234375,3111.75,3128.39990234375,3071.449951171875,3072.64990234375,1517005
2022-10-18,3046.924560546875,3144.699951171875,3155.35009765625,3128.550048828125,3150.0,1793722
2022-10-19,3024.785400390625,3121.85009765625,3159.0,3112.0,3159.0,1194289
2022-10-20,3059.133056640625,3157.300048828125,3160.0,3105.0,3105.0,1587601
2022-10-21,3039.851806640625,3137.39990234375,3160.39990234375,3127.0,3157.800048828125,1021913
2022-10-24,3063.396240234375,3161.699951171875,3178.0,3155.0,3170.10009765625,260949
2022-10-25,3063.78369140625,3162.10009765625,3184.25,3151.14990234375,3180.5,2069643
2022-10-27,3059.22998046875,3157.39990234375,3174.0,3134.35009765625,3160.699951171875,2438421
2022-10-28,3064.89794921875,3163.25,3178.5,3145.0,3150.0,1355739
2022-10-31,3093.8681640625,3193.14990234375,3199.0,3177.800048828125,3199.0,1919414
2022-11-01,3158.34912109375,3259.699951171875,3262.60009765625,3203.449951171875,3214.5,2991060
2022-11-02,3140.908935546875,3241.699951171875,3270.0,3222.050048828125,3270.0,1405955
2022-11-03,3107.045166015625,3206.75,3228.050048828125,3195.0,3228.050048828125,1422652
2022-11-04,3117.3642578125,3217.39990234375,3220.050048828125,3166.14990234375,3217.0,1464013
2022-11-07,3133.15771484375,3233.699951171875,3242.800048828125,3195.10009765625,3229.0,1474498
2022-11-09,3116.056396484375,3216.050048828125,3249.800048828125,3201.64990234375,3249.800048828125,1162267
2022-11-10,3105.97998046875,3205.64990234375,3225.0,3170.0,3170.0,1573092
2022-11-11,3212.85009765625,3315.949951171875,3341.60009765625,3255.050048828125,3269.60009765625,3265394
2022-11-14,3231.79248046875,3335.5,3349.0,3309.0,3324.0,1342074
2022-11-15,3228.982666015625,3332.60009765625,3339.949951171875,3292.0,3321.0,1400708
2022-11-16,3251.025146484375,3355.35009765625,3367.89990234375,3321.449951171875,3338.89990234375,1748235
2022-11-17,3244.873046875,3349.0,3360.0,3317.75,3340.0,1417986
2022-11-18,3239.4951171875,3343.449951171875,3362.75,3321.0,3350.0,1164540
2022-11-21,3181.4091796875,3283.5,3333.699951171875,3273.0,3322.5,1304194
2022-11-22,3211.88134765625,3314.949951171875,3318.949951171875,3255.25,3280.0,1149739
2022-11-23,3205.4384765625,3308.300048828125,3330.0,3291.0,3330.0,1150011
2022-11-24,3275.05419921875,3380.14990234375,3392.949951171875,3308.300048828125,3316.25,1296591
2022-11-25,3284.2587890625,3389.64990234375,3403.35009765625,3348.0,3383.0,1588981
2022-11-28,3289.6845703125,3395.25,3417.0,3365.550048828125,3366.0,2195437
2022-11-29,3291.719482421875,3397.35009765625,3429.0,3383.0,3383.0,1576028
2022-11-30,3285.373046875,3390.800048828125,3414.89990234375,3375.0,3383.0,3410702
2022-12-01,3367.584716796875,3475.64990234375,3480.0,3420.0,3425.0,2180856
2022-12-02,3332.219482421875,3439.14990234375,3468.89990234375,3413.0,3458.10009765625,2411749
2022-12-05,3319.381591796875,3425.89990234375,3439.14990234375,3407.0,3433.0,1475065
2022-12-06,3280.092529296875,3385.35009765625,3407.949951171875,3368.0,3400.050048828125,1166999
2022-12-07,3275.490234375,3380.60009765625,3393.699951171875,3354.0,3368.300048828125,1167505
2022-12-08,3246.37451171875,3350.550048828125,3380.60009765625,3339.449951171875,3360.0,1285619
2022-12-09,3190.37158203125,3292.75,3374.10009765625,3276.35009765625,3374.10009765625,1797896
2022-12-12,3184.267333984375,3286.449951171875,3296.0,3236.10009765625,3255.5,1527610
2022-12-13,3228.498291015625,3332.10009765625,3336.449951171875,3267.800048828125,3277.199951171875,1378016
2022-12-14,3260.71435546875,3365.35009765625,3377.0,3340.89990234375,3348.800048828125,1213311
2022-12-15,3202.337646484375,3305.10009765625,3364.75,3298.949951171875,3358.800048828125,1415694
2022-12-16,3139.503662109375,3240.25,3292.0,3225.199951171875,3275.0,2703680
2022-12-19,3102.49169921875,3202.050048828125,3245.5,3194.5,3227.0,2120965
2022-12-20,3143.088623046875,3243.949951171875,3249.0,3163.64990234375,3198.89990234375,1529971
2022-12-21,3166.92431640625,3268.550048828125,3283.050048828125,3240.0,3249.0,1432566
2022-12-22,3158.34912109375,3259.699951171875,3294.0,3245.10009765625,3294.0,1384101
2022-12-23,3127.97412109375,3228.35009765625,3266.85009765625,3217.0,3217.0,1360281
2022-12-26,3151.760498046875,3252.89990234375,3272.0,3225.050048828125,3228.35009765625,870157
2022-12-27,3158.155517578125,3259.5,3273.800048828125,3231.5,3269.199951171875,835883
2022-12-28,3155.830322265625,3257.10009765625,3266.10009765625,3226.0,3249.800048828125,910795
2022-12-29,3167.11767578125,3268.75,3271.5,3228.0,3231.10009765625,1037927
2022-12-30,3155.4423828125,3256.699951171875,3299.0,3246.199951171875,3286.050048828125,1163131
2023-01-02,3160.044921875,3261.449951171875,3266.85009765625,3235.199951171875,3261.0,709547
2023-01-03,3208.39306640625,3311.35009765625,3320.0,3245.300048828125,3252.0,1245178
2023-01-04,3211.590576171875,3314.64990234375,3327.35009765625,3286.199951171875,3306.699951171875,1231668
2023-01-05,3208.151123046875,3311.10009765625,3337.300048828125,3281.949951171875,3330.199951171875,1826057
2023-01-06,3111.696044921875,3211.550048828125,3301.550048828125,3200.0,3300.0,2488376
2023-01-09,3216.72607421875,3319.949951171875,3327.0,3221.14990234375,3229.0,2885060
2023-01-10,3184.21923828125,3286.39990234375,3298.0,3230.10009765625,3285.0,3864655
2023-01-11,3225.20361328125,3328.699951171875,3349.5,3271.14990234375,3290.10009765625,2720512
2023-01-12,3230.678466796875,3334.35009765625,3350.0,3315.550048828125,3329.0,2250391
2023-01-13,3269.628662109375,3374.550048828125,3379.0,3305.0,3342.89990234375,1742837
2023-01-16,3238.064453125,3334.050048828125,3353.0,3298.050048828125,3317.0,1843607
2023-01-17,3281.136962890625,3378.39990234375,3381.800048828125,3321.0,3330.0,1688475
2023-01-18,3292.40283203125,3390.0,3408.949951171875,3372.25,3380.0,2421189
2023-01-19,3275.98974609375,3373.10009765625,3387.0,3361.0,3380.0,1585044
2023-01-20,3266.27783203125,3363.10009765625,3394.64990234375,3355.60009765625,3365.0,1529349
2023-01-23,3316.58642578125,3414.89990234375,3419.0,3355.60009765625,3388.0,1067916
2023-01-24,3337.370361328125,3436.300048828125,3451.949951171875,3417.300048828125,3425.0,1387863
2023-01-25,3331.0087890625,3429.75,3435.0,3405.0,3425.300048828125,874110
2023-01-27,3312.847412109375,3411.050048828125,3446.0,3382.300048828125,3426.0,1785879
2023-01-30,3334.79638671875,3433.64990234375,3458.449951171875,3385.550048828125,3420.0,1953798
2023-01-31,3262.004150390625,3358.699951171875,3449.0,3351.0,3449.0,2820375
2023-02-01,3310.224853515625,3408.35009765625,3419.0,3355.0,3363.0,2205161
2023-02-02,3360.7763671875,3460.39990234375,3469.0,3420.10009765625,3427.0,1813847
2023-02-03,3382.046142578125,3482.300048828125,3504.0,3452.89990234375,3504.0,1804469
2023-02-06,3360.33935546875,3459.949951171875,3473.14990234375,3436.85009765625,3473.14990234375,1138714
2023-02-07,3372.57666015625,3472.550048828125,3493.0,3461.39990234375,3468.89990234375,1455647
2023-02-08,3418.757568359375,3520.10009765625,3539.89990234375,3478.050048828125,3478.050048828125,1986946
2023-02-09,3438.910400390625,3540.85009765625,3547.60009765625,3505.300048828125,3515.0,1655427
2023-02-10,3435.705322265625,3537.550048828125,3542.35009765625,3508.14990234375,3520.0,1187821
2023-02-13,3382.14306640625,3482.39990234375,3549.0,3473.39990234375,3549.0,1087939
2023-02-14,3399.333984375,3500.10009765625,3524.85009765625,3495.0,3505.0,1579818
2023-02-15,3419.291748046875,3520.64990234375,3526.0,3460.14990234375,3487.0,1429449
2023-02-16,3455.615234375,3558.050048828125,3575.0,3527.0,3527.199951171875,1618931
2023-02-17,3400.353271484375,3501.14990234375,3538.89990234375,3490.0,3526.14990234375,1061369
2023-02-20,3386.902099609375,3487.300048828125,3522.0,3475.050048828125,3502.0,1296082
2023-02-21,3351.64697265625,3451.0,3508.89990234375,3444.75,3494.0,1139541
2023-02-22,3303.620849609375,3401.550048828125,3447.0,3395.0,3414.949951171875,1218430
2023-02-23,3315.517822265625,3413.800048828125,3452.39990234375,3408.0,3421.0,1441570
2023-02-24,3302.552001953125,3400.449951171875,3433.949951171875,3382.300048828125,3422.5,977592
2023-02-27,3235.927001953125,3331.85009765625,3390.0,3316.0,3390.0,1128022
2023-02-28,3217.474609375,3312.85009765625,3392.0,3299.89990234375,3328.5,4116217
2023-03-01,3288.22705078125,3385.699951171875,3389.0,3315.0,3323.0,1669307
2023-03-02,3225.82666015625,3321.449951171875,3369.89990234375,3318.0,3361.0,1556538
2023-03-03,3245.93115234375,3342.14990234375,3358.0,3331.10009765625,3354.0,1043190
2023-03-06,3274.77587890625,3371.85009765625,3404.949951171875,3359.0,3361.89990234375,1334132
2023-03-08,3292.791748046875,3390.39990234375,3396.0,3330.85009765625,3364.0,1844590
2023-03-09,3240.78369140625,3336.85009765625,3385.0,3330.85009765625,3385.0,1648500
2023-03-10,3235.101806640625,3331.0,3337.25,3290.0,3312.89990234375,1024404
2023-03-13,3187.464111328125,3281.949951171875,3369.800048828125,3272.0,3333.0,1901233
2023-03-14,3122.392822265625,3214.949951171875,3304.39990234375,3209.39990234375,3280.0,2670334
2023-03-15,3106.804443359375,3198.89990234375,3260.35009765625,3192.0,3250.0,1780522
2023-03-16,3093.304931640625,3185.0,3219.800048828125,3172.0,3208.0,1901060
2023-03-17,3087.769287109375,3179.300048828125,3221.39990234375,3144.0,3150.5,6739966
2023-03-20,3052.8056640625,3143.300048828125,3169.64990234375,3095.050048828125,3169.64990234375,2289468
2023-03-21,3016.6767578125,3106.10009765625,3156.75,3097.449951171875,3143.300048828125,1815297
2023-03-22,3040.665283203125,3130.800048828125,3143.5,3106.10009765625,3130.050048828125,1123939
2023-03-23,3034.6923828125,3124.64990234375,3146.35009765625,3101.0,3114.89990234375,1372218
2023-03-24,3030.662109375,3120.5,3170.0,3106.0,3148.89990234375,1329577
2023-03-27,3032.41015625,3122.300048828125,3152.75,3106.0,3135.0,1524217
2023-03-28,3026.1943359375,3115.89990234375,3149.550048828125,3110.14990234375,3127.0,1303530
2023-03-29,3048.5322265625,3138.89990234375,3150.0,3104.10009765625,3129.0,1740616
2023-03-31,3113.603271484375,3205.89990234375,3213.0,3152.0,3189.949951171875,2382581
2023-04-03,3107.873291015625,3200.0,3224.949951171875,3173.75,3224.949951171875,1521830
2023-04-05,3146.52783203125,3239.800048828125,3264.35009765625,3185.5,3185.5,2655065
2023-04-06,3127.97705078125,3220.699951171875,3257.35009765625,3215.0,3225.0,1703464
2023-04-10,3169.447998046875,3263.39990234375,3272.0,3215.0,3220.0,2203187
2023-04-11,3121.27587890625,3213.800048828125,3272.949951171875,3192.14990234375,3264.0,2348779
2023-04-12,3148.32373046875,3241.64990234375,3260.949951171875,3199.0,3227.949951171875,2417727
2023-04-13,3097.04443359375,3188.85009765625,3230.0,3180.0,3210.0,4174070
2023-04-17,3049.114990234375,3139.5,3163.39990234375,3070.25,3134.10009765625,5505048
2023-04-18,3040.616943359375,3130.75,3156.85009765625,3110.60009765625,3154.949951171875,2617302
2023-04-19,3000.65185546875,3089.60009765625,3140.0,3071.5,3130.75,3298034
2023-04-20,3015.414306640625,3104.800048828125,3113.0,3078.0,3090.0,2419999
2023-04-21,3069.8505859375,3160.85009765625,3164.449951171875,3100.800048828125,3110.0,1929184
2023-04-24,3083.398681640625,3174.800048828125,3180.949951171875,3126.14990234375,3151.10009765625,1640676
2023-04-25,3084.564453125,3176.0,3191.199951171875,3147.5,3183.0,2024090
2023-04-26,3106.076416015625,3198.14990234375,3208.39990234375,3181.0,3181.0,2000029
2023-04-27,3096.170166015625,3187.949951171875,3199.199951171875,3170.64990234375,3185.0,2434446
2023-04-28,3126.569091796875,3219.25,3227.25,3196.25,3200.39990234375,2931312
2023-05-02,3126.714599609375,3219.39990234375,3235.0,3210.0,3235.0,2321159
2023-05-03,3088.351806640625,3179.89990234375,3216.0,3173.14990234375,3216.0,2468285
2023-05-04,3127.97705078125,3220.699951171875,3224.449951171875,3178.0,3180.14990234375,1953253
2023-05-05,3137.689453125,3230.699951171875,3244.0,3210.050048828125,3220.0,1710027
2023-05-08,3157.0166015625,3250.60009765625,3254.85009765625,3231.300048828125,3245.0,928235
2023-05-09,3188.7265625,3283.25,3298.0,3246.0,3252.60009765625,1107375
2023-05-10,3192.17431640625,3286.800048828125,3306.5,3266.050048828125,3290.0,1559987
2023-05-11,3187.658203125,3282.14990234375,3309.699951171875,3272.0,3309.0,1719623
2023-05-12,3180.0341796875,3274.300048828125,3290.0,3260.0,3279.14990234375,1027479
2023-05-15,3161.33837890625,3255.050048828125,3292.0,3248.35009765625,3284.0,1150390
2023-05-16,3164.34912109375,3258.14990234375,3285.0,3250.449951171875,3256.199951171875,986306
2023-05-17,3116.32275390625,3208.699951171875,3280.0,3198.25,3255.949951171875,1588815
2023-05-18,3107.7275390625,3199.85009765625,3228.949951171875,3195.0,3225.949951171875,1369364
2023-05-19,3130.065673828125,3222.85009765625,3234.5,3203.050048828125,3210.0,1152449
2023-05-22,3203.7314453125,3298.699951171875,3308.449951171875,3217.050048828125,3230.0,1333243
2023-05-23,3202.12939453125,3297.050048828125,3327.949951171875,3290.10009765625,3306.0,1687418
2023-05-24,3208.248291015625,3303.35009765625,3317.199951171875,3276.0,3276.0,1016555
2023-05-25,3198.681396484375,3293.5,3306.0,3267.10009765625,3294.0,1374917
2023-05-26,3233.062255859375,3328.89990234375,3338.64990234375,3291.0,3293.5,1791115
2023-05-29,3224.7587890625,3320.35009765625,3372.0,3312.0,3360.800048828125,1210372
2023-05-30,3220.72802734375,3316.199951171875,3326.949951171875,3301.35009765625,3315.0,1344224
2023-05-31,3194.79638671875,3289.5,3327.699951171875,3265.14990234375,3309.0,5815424
2023-06-01,3228.30322265625,3324.0,3340.0,3297.5,3314.0,1177314
2023-06-02,3210.432861328125,3305.60009765625,3335.89990234375,3297.449951171875,3326.25,2030661
2023-06-05,3194.213623046875,3288.89990234375,3327.0,3285.050048828125,3315.0,1861468
2023-06-06,3139.243408203125,3232.300048828125,3288.85009765625,3220.60009765625,3280.0,2022849
2023-06-07,3180.616943359375,3274.89990234375,3278.85009765625,3241.0,3253.0,1567196
2023-06-08,3143.27392578125,3236.449951171875,3270.0,3233.0,3261.0,1759366
2023-06-09,3116.90576171875,3209.300048828125,3250.0,3205.35009765625,3245.0,1775689
2023-06-12,3153.423095703125,3246.89990234375,3254.39990234375,3211.0,3215.0,2324605
2023-06-13,3150.31494140625,3243.699951171875,3265.0,3239.0,3260.0,1371928
2023-06-14,3157.453857421875,3251.050048828125,3255.85009765625,3225.85009765625,3243.699951171875,1658544
2023-06-15,3146.935302734375,3216.300048828125,3247.449951171875,3210.0,3245.300048828125,2273810
2023-06-16,3106.427978515625,3174.89990234375,3199.39990234375,3156.0,3197.0,4156189
2023-06-19,3141.16259765625,3210.39990234375,3214.89990234375,3175.0,3190.0,1468186
2023-06-20,3158.08935546875,3227.699951171875,3232.5,3201.050048828125,3214.0,1528452
2023-06-21,3187.931640625,3258.199951171875,3261.39990234375,3223.949951171875,3250.0,1645987
2023-06-22,3168.65673828125,3238.5,3267.64990234375,3230.10009765625,3260.0,1529603
2023-06-23,3146.984375,3216.35009765625,3249.39990234375,3209.14990234375,3237.300048828125,1119505
2023-06-26,3120.85986328125,3189.64990234375,3213.89990234375,3173.0,3205.0,1978803
2023-06-27,3128.394287109375,3197.35009765625,3209.64990234375,3182.300048828125,3202.0,863542
2023-06-28,3146.103759765625,3215.449951171875,3230.949951171875,3193.39990234375,3208.0,1575872
2023-06-30,3231.03173828125,3302.25,3310.0,3214.10009765625,3220.0,2672406
2023-07-03,3201.7275390625,3272.300048828125,3318.800048828125,3268.75,3314.300048828125,1687264
2023-07-04,3237.489501953125,3308.85009765625,3315.0,3277.300048828125,3290.0,1656681
2023-07-05,3248.349853515625,3319.949951171875,3329.0,3305.0,3320.0,1453008
2023-07-06,3251.236328125,3322.89990234375,3328.449951171875,3302.0,3306.550048828125,1848238
2023-07-07,3257.449462890625,3329.25,3356.89990234375,3302.0,3302.0,1789326
2023-07-10,3201.385009765625,3271.949951171875,3324.75,3265.199951171875,3324.75,1407431
2023-07-11,3201.825439453125,3272.39990234375,3295.0,3260.800048828125,3295.0,1110172
2023-07-12,3189.594970703125,3259.89990234375,3289.14990234375,3250.10009765625,3280.949951171875,1515240
2023-07-13,3268.506103515625,3340.550048828125,3367.449951171875,3272.75,3284.0,4585146
2023-07-14,3438.85107421875,3514.64990234375,3524.85009765625,3352.0,3365.0,6306101
2023-07-17,3416.395751953125,3491.699951171875,3549.89990234375,3477.050048828125,3510.0,2743228
2023-07-18,3421.434814453125,3496.85009765625,3524.0,3465.0,3476.0,2600090
2023-07-19,3395.212646484375,3470.050048828125,3516.85009765625,3445.64990234375,3500.0,2405370
2023-07-20,3397.420166015625,3463.300048828125,3478.89990234375,3436.050048828125,3453.10009765625,1715404
2023-07-21,3304.227294921875,3368.300048828125,3434.89990234375,3359.050048828125,3404.050048828125,3770223
2023-07-24,3330.174072265625,3394.75,3413.449951171875,3372.10009765625,3381.0,1680132
2023-07-25,3334.490234375,3399.14990234375,3406.800048828125,3380.199951171875,3397.5,1272980
2023-07-26,3323.846923828125,3388.300048828125,3420.85009765625,3385.0,3400.35009765625,1066803
2023-07-27,3332.282958984375,3396.89990234375,3411.64990234375,3385.050048828125,3394.949951171875,1701769
2023-07-28,3291.572265625,3355.39990234375,3393.699951171875,3331.0,3385.0,2599831
2023-07-31,3356.365966796875,3421.449951171875,3426.64990234375,3360.89990234375,3364.39990234375,2743678
2023-08-01,3386.38427734375,3452.050048828125,3460.0,3415.0,3415.0,1956167
2023-08-02,3375.200927734375,3440.64990234375,3446.39990234375,3413.60009765625,3434.949951171875,1914899
2023-08-03,3335.275146484375,3399.949951171875,3433.25,3368.0,3420.0,2026351
2023-08-04,3378.0458984375,3443.550048828125,3471.0,3401.25,3401.25,2248493
2023-08-07,3417.775390625,3484.050048828125,3488.0,3441.25,3453.949951171875,1853889
2023-08-08,3404.581298828125,3470.60009765625,3489.949951171875,3456.60009765625,3484.050048828125,1634225
2023-08-09,3396.63525390625,3462.5,3467.0,3425.050048828125,3464.89990234375,1794589
2023-08-10,3376.623291015625,3442.10009765625,3464.89990234375,3430.050048828125,3450.0,1096701
2023-08-11,3383.19580078125,3448.800048828125,3466.64990234375,3414.0,3438.10009765625,1679974
2023-08-14,3384.226318359375,3449.85009765625,3455.0,3411.0,3440.699951171875,1190425
2023-08-16,3392.613037109375,3458.39990234375,3466.0,3435.199951171875,3450.0,1328445
2023-08-17,3370.39404296875,3435.75,3460.800048828125,3413.199951171875,3455.0,1843241
2023-08-18,3303.050048828125,3367.10009765625,3410.0,3356.5,3410.0,2526749
2023-08-21,3336.942626953125,3401.64990234375,3409.75,3372.0,3375.0,1375579
2023-08-22,3317.81396484375,3382.14990234375,3411.0,3365.050048828125,3400.0,1222012
2023-08-23,3333.607421875,3398.25,3402.0,3376.0,3388.0,1330046
2023-08-24,3323.30712890625,3387.75,3413.050048828125,3378.10009765625,3408.0,1152881
2023-08-25,3316.97998046875,3381.300048828125,3385.800048828125,3350.25,3375.0,1158046
2023-08-28,3311.33935546875,3375.550048828125,3394.0,3360.10009765625,3394.0,1037485
2023-08-29,3311.927734375,3376.14990234375,3389.550048828125,3365.0,3381.050048828125,944517
2023-08-30,3326.446044921875,3390.949951171875,3408.10009765625,3383.050048828125,3398.0,1188200
2023-08-31,3292.946044921875,3356.800048828125,3417.39990234375,3343.64990234375,3401.0,3417652
2023-09-01,3314.919677734375,3379.199951171875,3389.0,3356.800048828125,3366.0,1277950
2023-09-04,3353.47216796875,3418.5,3432.85009765625,3370.050048828125,3378.0,1828332
2023-09-05,3364.11572265625,3429.35009765625,3447.0,3405.14990234375,3420.0,1501842
2023-09-06,3364.655517578125,3429.89990234375,3443.89990234375,3398.10009765625,3434.0,1314818
2023-09-07,3389.52294921875,3455.25,3460.0,3422.300048828125,3430.800048828125,1885092
2023-09-08,3376.427001953125,3441.89990234375,3465.0,3435.050048828125,3455.25,1518917
2023-09-11,3414.439697265625,3480.64990234375,3485.699951171875,3445.0,3462.0,1783604
2023-09-12,3512.685302734375,3580.800048828125,3589.89990234375,3483.0,3492.0,4476016
2023-09-13,3499.9814453125,3567.85009765625,3588.85009765625,3545.0,3571.10009765625,1754929
2023-09-14,3492.32958984375,3560.050048828125,3597.699951171875,3545.60009765625,3570.050048828125,2604721
2023-09-15,3529.852294921875,3598.300048828125,3607.35009765625,3562.449951171875,3567.85009765625,2952897
2023-09-18,3537.552490234375,3606.14990234375,3619.300048828125,3575.25,3580.050048828125,1395753
2023-09-20,3537.454345703125,3606.050048828125,3625.0,3580.0,3580.0,1649396
2023-09-21,3517.099609375,3585.300048828125,3605.0,3528.0,3588.550048828125,2004073
2023-09-22,3535.100341796875,3603.64990234375,3633.75,3565.050048828125,3584.0,1989083
2023-09-25,3509.104248046875,3577.14990234375,3620.0,3558.64990234375,3602.5,1238778
2023-09-26,3517.491455078125,3585.699951171875,3594.949951171875,3536.0,3567.60009765625,1726062
2023-09-27,3521.023193359375,3589.300048828125,3614.0,3555.699951171875,3590.0,1541134
2023-09-28,3469.472900390625,3536.75,3602.800048828125,3527.35009765625,3600.0,1755753
2023-09-29,3461.477783203125,3528.60009765625,3568.449951171875,3505.550048828125,3537.199951171875,2243791
2023-10-03,3447.0087890625,3513.85009765625,3534.199951171875,3480.10009765625,3534.199951171875,1948148
2023-10-04,3470.453857421875,3537.75,3548.0,3477.300048828125,3486.300048828125,1788138
2023-10-05,3521.072265625,3589.35009765625,3624.0,3551.199951171875,3554.0,2990768
2023-10-06,3552.5126953125,3621.39990234375,3634.949951171875,3575.050048828125,3591.0,2075691
2023-10-09,3569.140380859375,3638.35009765625,3679.0,3631.0,3645.050048828125,4233074
2023-10-10,3559.86962890625,3628.89990234375,3648.0,3601.35009765625,3640.050048828125,1848148
2023-10-11,3541.2314453125,3609.89990234375,3650.0,3605.0,3650.0,2426417
2023-10-12,3475.16259765625,3542.550048828125,3588.64990234375,3538.10009765625,3575.0,4241281
2023-10-13,3502.92431640625,3570.85009765625,3577.0,3525.0,3530.0,2890357
2023-10-16,3457.014404296875,3524.050048828125,3574.64990234375,3519.10009765625,3566.0,1671104
2023-10-17,3440.338134765625,3507.050048828125,3534.14990234375,3503.35009765625,3530.0,1672065
2023-10-18,3420.914306640625,3487.25,3522.699951171875,3484.0,3511.0,1408245
2023-10-19,3398.68701171875,3455.64990234375,3476.85009765625,3451.89990234375,3469.5,1514545
2023-10-20,3436.94580078125,3494.550048828125,3499.5,3444.050048828125,3450.39990234375,1481211
2023-10-23,3353.93701171875,3410.14990234375,3478.949951171875,3401.300048828125,3473.0,1106272
2023-10-25,3334.2177734375,3390.10009765625,3425.0,3377.199951171875,3390.5,1518537
2023-10-26,3281.746826171875,3336.75,3373.699951171875,3330.0,3368.050048828125,1984471
2023-10-27,3295.712890625,3350.949951171875,3362.0,3337.0,3350.0,1108851
2023-10-30,3322.85791015625,3378.550048828125,3382.85009765625,3333.75,3350.0,910972
2023-10-31,3313.21923828125,3368.75,3399.0,3350.050048828125,3399.0,999811
2023-11-01,3275.74755859375,3330.64990234375,3371.60009765625,3311.0,3355.0,1563475
2023-11-02,3304.71240234375,3360.10009765625,3375.949951171875,3343.199951171875,3343.199951171875,1245384
2023-11-03,3295.66357421875,3350.89990234375,3387.89990234375,3344.300048828125,3382.0,1402598
2023-11-06,3324.530029296875,3380.25,3392.300048828125,3359.0,3375.0,1099852
2023-11-07,3314.891357421875,3370.449951171875,3404.14990234375,3366.0,3378.0,1191144
2023-11-08,3325.808349609375,3381.550048828125,3401.949951171875,3369.550048828125,3371.449951171875,992899
2023-11-09,3292.270751953125,3347.449951171875,3391.5,3342.050048828125,3390.10009765625,2112352
2023-11-10,3278.5009765625,3333.449951171875,3347.449951171875,3322.35009765625,3338.0,1338557
2023-11-13,3276.632568359375,3331.550048828125,3356.0,3327.0,3356.0,1030990
2023-11-15,3348.18359375,3404.300048828125,3413.0,3356.050048828125,3383.10009765625,2059802
2023-11-16,3440.19140625,3497.85009765625,3529.35009765625,3414.199951171875,3430.050048828125,3951984
2023-11-17,3444.7158203125,3502.449951171875,3524.5,3492.550048828125,3497.85009765625,2021292
2023-11-20,3461.582763671875,3519.60009765625,3533.89990234375,3491.25,3491.25,1475621
2023-11-21,3452.337646484375,3510.199951171875,3539.050048828125,3501.0,3519.60009765625,1807236
2023-11-22,3471.958984375,3530.14990234375,3532.64990234375,3481.10009765625,3500.0,1798051
2023-11-23,3450.419921875,3508.25,3544.0,3500.0,3530.0,2729804
2023-11-24,3400.11328125,3457.10009765625,3504.550048828125,3453.0,3494.25,1989733
2023-11-28,3412.947998046875,3470.14990234375,3481.25,3433.0,3457.10009765625,1689195
2023-11-29,3455.829345703125,3513.75,3518.0,3475.800048828125,3481.0,1441634
2023-11-30,3430.110595703125,3487.60009765625,3516.64990234375,3481.0,3499.449951171875,3266235
2023-12-01,3453.763671875,3511.64990234375,3516.949951171875,3490.050048828125,3500.0,1172141
2023-12-04,3454.55078125,3512.449951171875,3547.800048828125,3498.0,3544.64990234375,1625213
2023-12-05,3473.385009765625,3531.60009765625,3538.0,3502.800048828125,3538.0,1377656
2023-12-06,3544.68994140625,3604.10009765625,3612.85009765625,3525.14990234375,3532.60009765625,1896572
2023-12-07,3555.311767578125,3614.89990234375,3630.550048828125,3591.699951171875,3605.0,1967653
2023-12-08,3566.917236328125,3626.699951171875,3645.0,3602.050048828125,3633.0,1641155
2023-12-11,3582.850341796875,3642.89990234375,3653.0,3615.0,3622.89990234375,1102503
2023-12-12,3611.5693359375,3672.10009765625,3698.39990234375,3631.0,3638.949951171875,2236866
2023-12-13,3534.31396484375,3593.550048828125,3650.0,3563.0,3643.550048828125,3850968
2023-12-14,3606.799072265625,3667.25,3678.0,3627.60009765625,3630.0,3290396
2023-12-15,3797.355224609375,3861.0,3895.949951171875,3666.699951171875,3666.699951171875,8531230
2023-12-18,3795.58447265625,3859.199951171875,3929.0,3830.14990234375,3858.10009765625,2521612
2023-12-19,3753.293701171875,3816.199951171875,3855.10009765625,3790.0,3845.0,2004435
2023-12-20,3717.739501953125,3780.050048828125,3898.800048828125,3766.550048828125,3827.25,2586083
2023-12-21,3725.066650390625,3787.5,3806.699951171875,3743.35009765625,3756.25,1517562
2023-12-22,3760.96484375,3824.0,3845.949951171875,3762.0,3800.0,2413058
2023-12-26,3732.984130859375,3795.550048828125,3834.0,3790.14990234375,3819.85009765625,1285231
2023-12-27,3748.376220703125,3811.199951171875,3818.199951171875,3768.0,3799.0,1293976
2023-12-28,3737.262451171875,3799.89990234375,3838.0,3792.10009765625,3824.0,1682889
2023-12-29,3730.869140625,3793.39990234375,3822.60009765625,3765.39990234375,3792.0,1574996
2024-01-01,3748.27783203125,3811.10009765625,3832.0,3773.0,3790.0,825907
2024-01-02,3720.837646484375,3783.199951171875,3811.10009765625,3767.25,3811.10009765625,1344068
2024-01-03,3630.89501953125,3691.75,3771.85009765625,3687.050048828125,3767.0,1803075
2024-01-04,3606.3564453125,3666.800048828125,3719.0,3651.0,3701.75,3598144
2024-01-05,3676.284423828125,3737.89990234375,3747.75,3674.85009765625,3675.0,1963127
2024-01-08,3617.6669921875,3678.300048828125,3739.75,3672.39990234375,3737.89990234375,1067805
2024-01-09,3629.075439453125,3689.89990234375,3752.35009765625,3682.75,3709.949951171875,1370944
2024-01-10,3651.84375,3713.050048828125,3729.25,3688.0,3690.0,1292227
2024-01-11,3673.97314453125,3735.550048828125,3773.0,3707.0,3724.0,1777909
2024-01-12,3818.7958984375,3882.800048828125,3905.25,3821.60009765625,3848.0,6813450
2024-01-15,3839.44970703125,3903.800048828125,3965.0,3885.0,3960.0,2801505
2024-01-16,3797.650390625,3861.300048828125,3899.0,3855.550048828125,3899.0,1432672
2024-01-17,3820.566162109375,3884.60009765625,3909.949951171875,3812.550048828125,3819.0,3458696
2024-01-18,3838.26953125,3902.60009765625,3908.800048828125,3862.0,3898.0,2239110
2024-01-19,3896.0224609375,3943.050048828125,3963.550048828125,3915.050048828125,3945.0,2941975
2024-01-23,3812.233642578125,3858.25,3933.89990234375,3842.75,3900.0,2618854
2024-01-24,3795.97998046875,3841.800048828125,3883.64990234375,3805.60009765625,3880.0,2657709
2024-01-25,3764.855712890625,3810.300048828125,3861.0,3778.699951171875,3839.89990234375,2205154
2024-01-29,3755.66650390625,3801.0,3820.0,3780.85009765625,3800.800048828125,1646747
2024-01-30,3755.22216796875,3800.550048828125,3847.800048828125,3787.0,3807.449951171875,1411621
2024-01-31,3770.4384765625,3815.949951171875,3834.0,3796.449951171875,3811.199951171875,2459358
2024-02-01,3808.1826171875,3854.14990234375,3904.89990234375,3805.050048828125,3820.0,2363107
2024-02-02,3918.995361328125,3966.300048828125,3984.39990234375,3872.0,3875.050048828125,2826510
2024-02-05,3925.91162109375,3973.300048828125,4022.0,3962.10009765625,3983.0,1691523
2024-02-06,4086.67138671875,4136.0,4149.89990234375,3990.0,3997.0,4474396
2024-02-07,4034.698486328125,4083.39990234375,4155.0,4073.949951171875,4153.0,2124267
2024-02-08,4084.793701171875,4134.10009765625,4158.0,4086.050048828125,4090.0,2345173
2024-02-09,4084.398681640625,4133.7001953125,4184.75,4100.0,4136.5498046875,2100596
2024-02-12,4071.5537109375,4120.7001953125,4159.60009765625,4105.5498046875,4130.0,1013716
2024-02-13,4100.01025390625,4149.5,4170.0,4081.5,4125.4501953125,1257415
2024-02-14,4051.199462890625,4100.10009765625,4114.89990234375,4049.5,4107.0,1391283
2024-02-15,4054.262451171875,4103.2001953125,4146.2998046875,4083.0,4128.0,1091582
2024-02-16,4079.062744140625,4128.2998046875,4147.9501953125,4100.10009765625,4113.25,1307556
2024-02-19,4054.85498046875,4103.7998046875,4128.2998046875,4055.0,4123.0498046875,772291
2024-02-20,3982.577392578125,4030.64990234375,4098.0,4010.0,4082.10009765625,1193648
2024-02-21,3943.894775390625,3991.5,4063.35009765625,3980.60009765625,4013.0,1885939
2024-02-22,4038.3544921875,4087.10009765625,4094.949951171875,3971.0,3971.0,2982052
2024-02-23,4003.77197265625,4052.10009765625,4130.0,4046.39990234375,4130.0,2538072
2024-02-26,3953.33056640625,4001.050048828125,4050.0,3982.75,4036.0,1379284
2024-02-27,4055.44775390625,4104.39990234375,4124.0,3999.0,3999.0,2960475
2024-02-28,4069.824951171875,4118.9501953125,4154.89990234375,4089.0,4095.60009765625,1939225
2024-02-29,4046.259033203125,4095.10009765625,4138.10009765625,4064.550048828125,4099.0,3772719
2024-03-01,4045.517822265625,4094.35009765625,4140.0,4086.800048828125,4107.2001953125,2043265
2024-03-04,4032.03076171875,4080.699951171875,4117.89990234375,4075.89990234375,4105.0,1749271
2024-03-05,3964.248779296875,4012.10009765625,4064.0,3980.0,4062.0,2070859
2024-03-06,4015.826171875,4064.300048828125,4072.0,3958.449951171875,3994.050048828125,1744204
2024-03-07,4059.597900390625,4108.60009765625,4124.0,4037.699951171875,4065.0,2688905
2024-03-11,4073.184326171875,4122.35009765625,4153.0,4089.0,4089.0,2304068
2024-03-12,4142.25,4192.25,4229.9501953125,4121.0498046875,4122.35009765625,4039801
2024-03-13,4099.51611328125,4149.0,4241.0,4131.89990234375,4205.0,2837260
2024-03-14,4157.41748046875,4207.60009765625,4225.0,4086.0,4153.4501953125,2919608
2024-03-15,4168.92822265625,4219.25,4239.0,4177.0,4192.60009765625,3373143
2024-03-18,4102.97412109375,4152.5,4254.75,4117.85009765625,4215.25,1526904
2024-03-19,3929.86376953125,3977.300048828125,4058.0,3966.60009765625,4051.25,8931209
2024-03-20,3923.5400390625,3970.89990234375,4018.0,3960.199951171875,3986.0,1817913
2024-03-21,3925.56591796875,3972.949951171875,4008.39990234375,3948.0,3990.050048828125,3829582
2024-03-22,3864.255615234375,3910.89990234375,3938.0,3855.0,3897.0,5852485
2024-03-26,3831.254150390625,3877.5,3946.699951171875,3871.449951171875,3875.0,3440925
2024-03-27,3795.090576171875,3840.89990234375,3895.0,3829.39990234375,3888.5,1968575
2024-03-28,3830.068603515625,3876.300048828125,3915.0,3840.5,3850.10009765625,4311783
2024-04-01,3870.0361328125,3916.75,3933.300048828125,3888.050048828125,3897.699951171875,1569676
2024-04-02,3837.47900390625,3883.800048828125,3909.85009765625,3873.0,3890.0,2142666
2024-04-03,3900.2216796875,3947.300048828125,3981.0,3851.0,3851.0,3973090
2024-04-04,3955.553955078125,4003.300048828125,4028.64990234375,3935.25,3975.89990234375,3394637
2024-04-05,3931.790771484375,3979.25,4002.0,3960.5,3978.0,1636819
2024-04-08,3925.170654296875,3972.550048828125,4032.64990234375,3960.0,3983.0,2302538
2024-04-09,3899.480712890625,3946.550048828125,4015.85009765625,3925.050048828125,3984.0,1876992
2024-04-10,3937.126220703125,3984.64990234375,3990.199951171875,3918.0,3956.39990234375,2101965
2024-04-12,3953.676513671875,4001.39990234375,4013.35009765625,3945.5,3971.0,4354821
2024-04-15,3894.194580078125,3941.199951171875,4064.199951171875,3919.050048828125,4001.39990234375,4200329
2024-04-16,3826.610107421875,3872.800048828125,3928.699951171875,3862.85009765625,3902.0,3051420
2024-04-18,3815.939208984375,3862.0,3936.0,3850.0,3876.800048828125,3476284
2024-04-19,3780.56591796875,3826.199951171875,3852.550048828125,3800.89990234375,3838.0,2957749
2024-04-22,3818.50830078125,3864.60009765625,3878.0,3812.0,3837.0,1728883
2024-04-23,3828.487548828125,3874.699951171875,3895.0,3860.60009765625,3877.050048828125,1807586
2024-04-24,3785.358154296875,3831.050048828125,3898.0,3824.449951171875,3890.0,1317312
2024-04-25,3806.255859375,3852.199951171875,3873.64990234375,3811.0,3811.199951171875,2856271
2024-04-26,3775.77392578125,3821.35009765625,3876.800048828125,3802.550048828125,3855.14990234375,2039178
2024-04-29,3824.041259765625,3870.199951171875,3877.800048828125,3819.199951171875,3838.0,1110693
2024-04-30,3775.082275390625,3820.64990234375,3881.75,3810.0,3872.0,2203078
2024-05-02,3817.2236328125,3863.300048828125,3871.10009765625,3778.050048828125,3778.050048828125,2491044
2024-05-03,3797.560791015625,3843.39990234375,3893.60009765625,3797.60009765625,3890.14990234375,2962234
2024-05-06,3874.284912109375,3921.050048828125,3939.949951171875,3853.0,3853.0,2053831
2024-05-07,3931.494384765625,3978.949951171875,3988.0,3913.5,3930.800048828125,2062112
2024-05-08,3929.51806640625,3976.949951171875,3984.300048828125,3938.60009765625,3961.0,1247685
2024-05-09,3912.968017578125,3960.199951171875,3971.0,3910.050048828125,3962.0,1726486
2024-05-10,3847.45849609375,3893.89990234375,3973.60009765625,3885.050048828125,3962.60009765625,1672489
2024-05-13,3900.715576171875,3947.800048828125,3955.0,3870.0,3884.5,931326
2024-05-14,3854.671630859375,3901.199951171875,3945.800048828125,3892.89990234375,3936.0,1058317
2024-05-15,3834.119384765625,3880.39990234375,3926.949951171875,3875.5,3904.5,1115021
2024-05-16,3882.43896484375,3900.949951171875,3909.5,3843.5,3891.10009765625,2599399
2024-05-17,3815.906494140625,3834.10009765625,3920.0,3830.0,3919.0,2765804
2024-05-21,3802.072265625,3820.199951171875,3844.75,3810.050048828125,3830.60009765625,1908117
2024-05-22,3813.81640625,3832.0,3841.25,3817.550048828125,3835.0,1311168
2024-05-23,3874.974609375,3893.449951171875,3905.0,3825.5,3840.949951171875,2095742
2024-05-24,3831.2333984375,3849.5,3883.800048828125,3844.300048828125,3878.25,1309452
2024-05-27,3828.795166015625,3847.050048828125,3908.35009765625,3841.35009765625,3855.0,1841538
2024-05-28,3821.6787109375,3839.89990234375,3870.0,3830.0,3858.0,1801993
2024-05-29,3785.600830078125,3803.64990234375,3848.89990234375,3800.0,3848.89990234375,1568095
2024-05-30,3718.37158203125,3736.10009765625,3794.39990234375,3715.449951171875,3777.0,2919230
2024-05-31,3653.530517578125,3670.949951171875,3749.800048828125,3653.75,3740.0,10956800
2024-06-03,3685.279296875,3702.85009765625,3751.550048828125,3696.0,3732.800048828125,2156773
2024-06-04,3697.37158203125,3715.0,3745.0,3591.5,3700.0,3395997
2024-06-05,3728.672119140625,3746.449951171875,3783.800048828125,3700.0,3716.0,2799670
2024-06-06,3812.223876953125,3830.39990234375,3839.89990234375,3741.5,3781.0,4328036
2024-06-07,3875.472412109375,3893.949951171875,3915.0,3837.300048828125,3837.300048828125,4552445
2024-06-10,3840.389404296875,3858.699951171875,3905.89990234375,3841.89990234375,3895.0,1734661
2024-06-11,3833.821044921875,3852.10009765625,3879.949951171875,3841.0,3845.0,1419898
2024-06-12,3813.468017578125,3831.64990234375,3893.5,3827.449951171875,3874.39990234375,2177001
2024-06-13,3859.747314453125,3878.14990234375,3890.0,3852.0,3856.800048828125,1932323
2024-06-14,3813.8662109375,3832.050048828125,3889.0,3828.0,3889.0,1860730
2024-06-18,3796.99658203125,3815.10009765625,3842.0,3795.050048828125,3826.050048828125,1774045
2024-06-19,3783.66015625,3801.699951171875,3833.85009765625,3792.949951171875,3827.64990234375,1509050
2024-06-20,3769.27880859375,3787.25,3809.949951171875,3780.050048828125,3796.0,2846526
2024-06-21,3792.6669921875,3810.75,3877.800048828125,3798.050048828125,3827.0,4642195
2024-06-24,3798.6884765625,3816.800048828125,3857.0,3791.300048828125,3808.75,1702154
2024-06-25,3820.235595703125,3838.449951171875,3847.64990234375,3792.89990234375,3817.0,1338808
2024-06-26,3837.55322265625,3855.85009765625,3866.949951171875,3841.0,3844.5,1639845
2024-06-27,3915.4814453125,3934.14990234375,3942.0,3818.10009765625,3831.0,4526556
2024-06-28,3885.623779296875,3904.14990234375,3960.0,3897.85009765625,3917.800048828125,2731571
2024-07-01,3959.322509765625,3978.199951171875,4001.699951171875,3884.0,3884.0,2658723
2024-07-02,3998.336669921875,4017.39990234375,4023.39990234375,3982.550048828125,3993.60009765625,2307449
2024-07-03,3946.43408203125,3965.25,4026.10009765625,3955.0,4020.0,1821198
2024-07-04,4001.86962890625,4020.949951171875,4047.35009765625,3982.10009765625,3999.85009765625,2518001
2024-07-05,3992.76318359375,4011.800048828125,4026.75,3988.0,4010.0,1668616
2024-07-08,3974.25146484375,3993.199951171875,4031.25,3978.050048828125,4022.0,1758882
2024-07-09,3966.587890625,3985.5,4006.949951171875,3975.10009765625,3985.0,1305801
2024-07-10,3890.600341796875,3909.14990234375,4003.300048828125,3902.0,3983.699951171875,2669716
2024-07-11,3905.081298828125,3923.699951171875,3980.0,3895.60009765625,3931.0,4872189
2024-07-12,4164.0966796875,4183.9501953125,4199.9501953125,3971.300048828125,3980.0,13509164
2024-07-15,4149.41650390625,4169.2001953125,4240.0,4157.0498046875,4235.7001953125,4848030
2024-07-16,4158.62255859375,4178.4501953125,4194.5498046875,4144.89990234375,4172.0,2029521
2024-07-18,4295.07177734375,4315.5498046875,4325.0,4160.0,4160.0,5613364
2024-07-19,4291.92919921875,4302.39990234375,4358.75,4285.25,4317.39990234375,3903354
2024-07-22,4276.916015625,4287.35009765625,4319.9501953125,4265.0,4299.9501953125,1896386
2024-07-23,4291.8798828125,4302.35009765625,4361.7001953125,4266.2998046875,4283.0,2365208
2024-07-24,4295.77001953125,4306.25,4339.10009765625,4268.10009765625,4287.5,1809793
2024-07-25,4311.98046875,4322.5,4343.0,4274.2001953125,4295.0,2810342
2024-07-26,4377.17138671875,4387.85009765625,4422.4501953125,4337.0498046875,4350.0,3552210
2024-07-29,4370.43798828125,4381.10009765625,4431.0,4371.0,4415.0,1746803
2024-07-30,4354.7265625,4365.35009765625,4398.0,4327.2998046875,4391.10009765625,1797906
2024-07-31,4374.677734375,4385.35009765625,4414.0,4345.0,4350.0,2330091
2024-08-01,4386.39892578125,4397.10009765625,4419.2998046875,4365.0498046875,4399.39990234375,2202244
2024-08-02,4272.62646484375,4283.0498046875,4398.0,4270.0,4365.0,2811282
2024-08-05,4144.93798828125,4155.0498046875,4239.0,4110.5,4239.0,2787771
2024-08-06,4161.048828125,4171.2001953125,4258.25,4160.7998046875,4170.9501953125,2203067
2024-08-07,4190.2275390625,4200.4501953125,4244.9501953125,4180.2998046875,4228.0,1237666
2024-08-08,4162.39501953125,4172.5498046875,4232.0,4160.0,4181.0,2441283
2024-08-09,4218.45849609375,4228.75,4253.64990234375,4205.5498046875,4217.0,1302536
2024-08-12,4185.43896484375,4195.64990234375,4239.0,4186.35009765625,4230.0,936912
2024-08-13,4186.736328125,4196.9501953125,4234.0,4183.0,4213.0,1495593
2024-08-14,4284.796875,4295.25,4306.2001953125,4188.14990234375,4209.0,3226545
2024-08-16,4405.302734375,4416.0498046875,4427.0,4325.10009765625,4350.0,3457058
2024-08-19,4479.07275390625,4490.0,4494.25,4390.35009765625,4421.0,2055210
2024-08-20,4512.29150390625,4523.2998046875,4565.0,4500.0,4505.0,2212298
2024-08-21,4540.42333984375,4551.5,4560.0,4492.5498046875,4518.0,1896990
2024-08-22,4491.04345703125,4502.0,4560.9501953125,4497.2001953125,4560.0,1829872
2024-08-23,4453.0361328125,4463.89990234375,4506.0,4455.0,4500.0,1809253
2024-08-26,4491.49267578125,4502.4501953125,4552.14990234375,4485.0,4489.0,1844164
2024-08-27,4486.20556640625,4497.14990234375,4510.0,4486.7998046875,4505.0,930697
2024-08-28,4495.08349609375,4506.0498046875,4562.5,4457.2998046875,4498.75,1848058
2024-08-29,4500.81982421875,4511.7998046875,4556.0,4460.0,4460.0,2133641
2024-08-30,4542.66796875,4553.75,4592.25,4487.7998046875,4500.0,3637222
2024-09-02,4510.046875,4521.0498046875,4588.0,4512.0,4576.0,1216500
2024-09-03,4501.36865234375,4512.35009765625,4555.89990234375,4495.89990234375,4521.0498046875,1717263
2024-09-04,4468.34912109375,4479.25,4487.0,4436.7001953125,4476.9501953125,1265505
2024-09-05,4465.05712890625,4475.9501953125,4499.0,4454.14990234375,4481.0,1688793
2024-09-06,4445.90380859375,4456.75,4518.9501953125,4440.0,4473.9501953125,1649179
2024-09-09,4438.72119140625,4449.5498046875,4490.25,4430.5,4455.0,1184938
2024-09-10,4496.87939453125,4507.85009765625,4539.9501953125,4440.4501953125,4442.4501953125,1385591
2024-09-11,4468.44873046875,4479.35009765625,4549.35009765625,4471.25,4521.4501953125,1325919
2024-09-12,4506.70556640625,4517.7001953125,4532.60009765625,4431.2998046875,4510.25,2742216
2024-09-13,4511.59375,4522.60009765625,4547.0,4505.0,4530.0,1458786
2024-09-16,4502.26611328125,4513.25,4546.0498046875,4494.4501953125,4527.0,1155120
2024-09-17,4494.6845703125,4505.64990234375,4535.7998046875,4466.0,4513.25,1699364
2024-09-18,4335.57275390625,4346.14990234375,4497.0498046875,4321.0,4497.0498046875,2961779
2024-09-19,4285.6943359375,4296.14990234375,4422.2001953125,4281.7998046875,4390.0498046875,2927551
2024-09-20,4274.4716796875,4284.89990234375,4330.7001953125,4227.5,4316.89990234375,5447908
2024-09-23,4258.11181640625,4268.5,4309.39990234375,4253.0,4300.0,1702319
2024-09-24,4260.90478515625,4271.2998046875,4291.0,4240.0,4251.64990234375,3012026
2024-09-25,4264.3466796875,4274.75,4289.60009765625,4240.0,4252.35009765625,2713073
2024-09-26,4282.0537109375,4292.5,4316.7998046875,4260.0,4260.0,3964251
2024-09-27,4298.21435546875,4308.7001953125,4378.0,4300.0498046875,4335.0,3012477
2024-09-30,4258.11181640625,4268.5,4298.75,4260.0498046875,4286.89990234375,2503416
2024-10-01,4277.46484375,4287.89990234375,4295.75,4242.9501953125,4255.5498046875,1823365
2024-10-03,4222.44873046875,4232.75,4279.0,4210.0,4262.60009765625,3350119
2024-10-04,4241.9013671875,4252.25,4298.0,4224.0498046875,4225.0,2965463
2024-10-07,4262.45166015625,4272.85009765625,4297.25,4229.39990234375,4273.89990234375,1472619
2024-10-08,4242.89892578125,4253.25,4279.39990234375,4203.9501953125,4272.60009765625,1541867
2024-10-09,4242.60009765625,4252.9501953125,4295.0,4246.7001953125,4260.0,1082504
2024-10-10,4217.11181640625,4227.39990234375,4293.85009765625,4198.60009765625,4253.25,2378875
2024-10-11,4139.1025390625,4149.2001953125,4241.9501953125,4112.4501953125,4143.0,5759183
2024-10-14,4126.58251953125,4136.64990234375,4165.39990234375,4122.2001953125,4140.0,2137590
2024-10-15,4106.78076171875,4116.7998046875,4169.9501953125,4095.0,4131.0498046875,2759474
2024-10-16,4084.984130859375,4094.949951171875,4115.0,4067.199951171875,4085.0,2359151
2024-10-17,4099.0,4109.0,4129.9501953125,4092.949951171875,4112.7998046875,2522659
2024-10-18,4123.0498046875,4123.0498046875,4146.14990234375,4080.0,4090.0,2361000
2024-10-21,4079.85009765625,4079.85009765625,4139.9501953125,4070.0,4132.60009765625,1595450
2024-10-22,4015.5,4015.5,4089.800048828125,4006.35009765625,4066.0,1928049
2024-10-23,4066.25,4066.25,4113.5498046875,3995.14990234375,3999.60009765625,1966476
2024-10-24,4047.89990234375,4047.89990234375,4079.0,4004.0,4004.0,2676744
2024-10-25,4057.550048828125,4057.550048828125,4092.0,4032.699951171875,4057.050048828125,1759676
2024-10-28,4090.85009765625,4090.85009765625,4134.0,4051.0,4068.949951171875,1532534
2024-10-29,4075.25,4075.25,4103.5,4060.10009765625,4095.85009765625,1445885
2024-10-30,4084.64990234375,4084.64990234375,4107.0,4060.050048828125,4075.0,1935002
2024-10-31,3968.449951171875,3968.449951171875,4078.300048828125,3960.0,4070.0,3740372
2024-11-01,3984.199951171875,3984.199951171875,3998.949951171875,3976.050048828125,3989.85009765625,154895
2024-11-04,3964.14990234375,3964.14990234375,3991.89990234375,3913.25,3966.300048828125,2269192
2024-11-05,3971.35009765625,3971.35009765625,3986.0,3941.10009765625,3941.10009765625,967590
2024-11-06,4139.64990234375,4139.64990234375,4149.7998046875,3975.25,4003.60009765625,3792017
2024-11-07,4150.89990234375,4150.89990234375,4205.7998046875,4085.050048828125,4169.7001953125,3724349
2024-11-08,4147.0,4147.0,4169.75,4117.64990234375,4155.0,1648039
2024-11-11,4198.7001953125,4198.7001953125,4234.2998046875,4117.64990234375,4128.2001953125,1406487
2024-11-12,4197.39990234375,4197.39990234375,4218.0,4164.35009765625,4216.0,1587640
2024-11-13,4150.35009765625,4150.35009765625,4196.75,4131.0498046875,4178.10009765625,1098813
2024-11-14,4145.89990234375,4145.89990234375,4160.0,4116.4501953125,4135.0,1825432
2024-11-18,4019.5,4019.5,4213.0,3990.199951171875,4213.0,3313944
2024-11-19,4039.550048828125,4039.550048828125,4132.14990234375,4014.10009765625,4019.89990234375,1776233
2024-11-21,4072.85009765625,4072.85009765625,4092.449951171875,4024.0,4044.89990234375,2384347
2024-11-22,4244.60009765625,4244.60009765625,4254.9501953125,4054.0,4071.0,3096553
2024-11-25,4315.10009765625,4315.10009765625,4328.10009765625,4252.2001953125,4280.0,4052167
2024-11-26,4352.7001953125,4352.7001953125,4366.60009765625,4310.0,4321.0498046875,2060669
2024-11-27,4332.5498046875,4332.5498046875,4377.39990234375,4324.0498046875,4358.9501953125,1558993
2024-11-28,4244.89990234375,4244.89990234375,4339.9501953125,4233.0,4319.0,2558544
2024-11-29,4270.85009765625,4270.85009765625,4298.7001953125,4195.64990234375,4220.0,2017425
2024-12-02,4276.64990234375,4276.64990234375,4288.2001953125,4230.0498046875,4270.0,1670944
2024-12-03,4302.75,4302.75,4325.0,4265.4501953125,4314.35009765625,2010905
2024-12-04,4354.39990234375,4354.39990234375,4386.9501953125,4289.0498046875,4313.5498046875,3302642
2024-12-05,4464.0498046875,4464.0498046875,4489.0,4360.0,4400.7998046875,3746747
2024-12-06,4445.5,4445.5,4465.0,4412.75,4453.0,1842087
2024-12-09,4452.14990234375,4452.14990234375,4469.39990234375,4415.5498046875,4430.4501953125,2066639
2024-12-10,4432.5498046875,4432.5498046875,4493.7998046875,4412.10009765625,4426.14990234375,2087828
2024-12-11,4427.4501953125,4427.4501953125,4448.64990234375,4407.0,4431.85009765625,1635256
2024-12-12,4454.9501953125,4454.9501953125,4485.0,4426.0,4430.0498046875,1914642
2024-12-13,4473.89990234375,4473.89990234375,4494.89990234375,4394.39990234375,4434.9501953125,1967048
2024-12-16,4415.2001953125,4415.2001953125,4475.0,4397.0,4459.0,1646224
2024-12-17,4328.5,4328.5,4432.9501953125,4318.0,4410.0,3225027
2024-12-18,4347.85009765625,4347.85009765625,4362.0,4289.60009765625,4311.7001953125,1575404
2024-12-19,4271.89990234375,4271.89990234375,4364.0,4262.0,4282.0,3015763
2024-12-20,4170.2998046875,4170.2998046875,4382.0,4152.5,4329.0,4116989
